hisse;CO;LO;NO;FBO;KO;ADH;SDH;AK;BKM;FM;NKM;OK;ROIC;Y
BUCIM;3.77;2.37;1.02;1.99;20.28;1.29;3.99;25.25;25.59;19.9;19.51;42.66;30.02;0
OYAKC;1.88;1.32;0.34;9.58;38.92;1.06;6.31;16.39;24.43;22.02;15.49;27.57;27.82;1
CIMSA;1.16;0.8;0.13;25.9;47.17;0.72;6.55;19.59;19.04;17.24;27.14;49.89;68.44;1
AKCNS;1;0.57;0.15;22.56;55.97;0.97;5.14;10.23;14.66;14.12;10.57;22.18;53.52;1
TTRAK;1.47;0.95;0.47;18.57;66.44;2.18;7.29;24.71;18.32;14.88;11.35;75.72;29.56;1
TOASO;1.18;1;0.31;33.05;75.53;1.38;12.33;15.28;19.63;19.52;11.05;64.26;57.3;1
TMSN;1.36;0.55;0.2;20.39;50.4;0.65;1.95;2.91;25.02;15.25;4.5;5.53;9.39;0
OTKAR;1.39;0.89;0.23;39.71;75.01;0.87;2.02;20.18;38.07;20.24;23.1;83.19;116.5;1
KARSN;0.9;0.75;0.15;53.59;73.41;0.64;6.2;3.06;27.74;19.25;4.78;11.48;56.16;1
FROTO;1.58;1.33;0.68;44.53;76.28;2.12;15.53;26.22;15.69;13.31;12.38;102.38;38.58;1
PARSN;0.57;0.28;0.02;45.42;60.18;0.36;2.69;5.09;24;24.13;14.32;14.64;5.1;1
JANTS;1.82;1.07;0.21;4.44;37.01;1.28;4.22;34.52;30.22;21.77;26.98;53.94;40.72;0
GOODY;1.48;0.89;0.03;5.38;58.79;1.81;4.97;14.37;20.13;14.42;7.93;31.02;45.51;1
EGEEN;4.2;3.01;1.36;4.09;19.74;0.86;3.17;49.37;40.51;35.77;57.51;66;86.18;1
BRISA;1.16;0.94;0.68;46.55;77.56;0.81;5.35;12.29;30.39;22.36;15.14;53.61;45.44;1
ISMEN;1.73;1.19;0.46;42.23;54.76;0.96;3.32;11.43;26.53;21.04;11.96;13.7;29.7;1
KLKIM;2.38;2.14;1.43;1.45;34.54;1.11;9.06;29.33;37.91;19.61;26.33;48.26;111.76;1
TUPRS;1.02;0.65;0.32;30.84;82.61;1.84;8.62;4.06;10.23;8.61;2.2;22.89;23.72;1
SASA;0.98;0.56;0.24;54.06;81.24;0.89;4.18;4.23;25.28;22.9;4.76;19.79;98.61;1
PETKM;2.56;2.1;0.49;39.77;58.2;1.14;9.91;21.63;22.35;21.21;18.99;53.67;41.14;1
KORDS;1.12;0.58;0.04;31.65;53.72;0.73;2.92;7.11;21.95;15.43;9.74;19.64;23.72;1
HEKTS;1.05;0.68;0.03;49.1;69.47;0.61;1.68;9.78;35.05;27.68;16.12;30.89;58.35;1
GUBRF;1.08;0.49;0.16;19.68;69.13;1.18;2.55;5.74;24;20.4;4.86;27.54;105.6;0
BAGFS;0.98;0.64;0.59;42.91;79.98;0.67;2.81;5.99;38.45;38.59;8.93;29.51;58.22;0
AYGAZ;1.2;0.83;0.44;30.63;67.37;2.32;15.77;9.76;9.05;4.44;4.22;26.72;199;1
ALKIM;2.55;1.77;1.01;6.61;35.92;1.15;3.79;26.05;27.74;23.82;22.63;42.54;43.86;1
AKSA;1.02;0.76;0.48;31.5;69.99;1.16;5.94;16.25;22.09;20.38;13.98;49.66;37.03;1
KONKA;3.07;2.47;1.46;5.51;19.65;0.65;5.51;32.52;30.06;23.26;49.71;67.44;37.1;0
TEZOL;2.9;2.39;1.63;33.51;44.47;0.91;4.07;26.43;28.57;15.16;29.04;44.4;32.92;1
TIRE;1.17;0.86;0.03;17.58;68.35;1.7;6.96;22.36;24.84;17.39;13.14;71.57;87.06;1
KARTN;3.09;2.45;1.59;0.53;24.99;1.69;7.77;40.27;26.58;24.95;23.86;51.88;66.42;0
SARKY;1.44;0.96;0.1;47.32;74.9;3.17;10.18;12.64;6.34;5.51;3.99;48.57;39.79;0
KRDMD;1.29;0.95;0.56;11.97;54.34;0.9;3.98;23.61;32.39;33.09;26.09;55.58;71.37;1
ISDMR;3.03;1.41;1.03;9.06;29.77;0.87;2.46;15.38;37.59;39.1;17.72;21.16;32.2;1
EREGL;2.8;1.56;0.99;13.19;33.13;0.74;2.19;16.84;37.4;38.79;22.76;25.43;32.62;1
ERBOS;2.19;1.38;0.38;29.97;39.03;1.49;4.26;22.49;23.04;16.24;15.14;34.19;36.92;0
CEMTS;4.8;2.34;0.81;0;18.03;1.6;3.04;42.71;29.44;25.39;26.7;51.46;42.24;0
VESTL;0.68;0.37;0.07;28.12;76.07;0.93;3.46;5.4;27.75;16.87;5.83;22.96;-13.64;1
VESBE;1.18;0.87;0.01;9.41;65.52;1.44;7.56;13.55;15.85;15.38;9.39;36.79;61.26;1
ARCLK;1.47;1.06;0.4;38.29;75.25;1.04;3.99;4.66;30.03;10.05;4.49;18.46;44.72;1
KUTPO;1.73;0.86;0.04;3.23;43.77;0.97;1.83;5.45;42.12;7.31;5.63;8.71;3.93;0
EGSER;2.16;1.67;0.52;1.29;41.19;1.24;4.31;30.73;36.34;26.85;24.75;50.83;49.24;0
KOZAL;8.4;8.01;7.94;0.41;12.69;0.39;3.62;29.33;62.42;54.09;75.06;33.14;21.87;1
KOZAA;8.17;7.79;7.69;0.4;13.17;0.4;3.75;12.04;60.51;52.17;30.35;29.98;107.84;1
IPEKE;8.18;7.8;7.69;0.33;13.1;0.4;3.75;6.31;60.5;52.1;15.89;36.51;105.63;1
KRVGD;1.19;0.76;0.18;33.46;57.71;0.86;3.16;7.52;29.04;14.3;8.76;16.11;28.52;0
ULKER;3.06;2.53;1.54;69.26;83.56;0.57;4.36;-2.1;28.81;18.57;-3.7;-10.7;17.49;1
TUKAS;1.39;0.62;0.02;35.1;52.38;0.77;1.61;13.08;29.46;23.71;17.1;28.45;31.79;1
TATGD;2.44;1.31;0.19;26.09;45.95;0.74;1.56;15.15;29.21;13.82;20.44;28.08;16.28;1
DARDL;1.24;0.97;0.03;25.22;41.3;1.08;9.73;-2.09;27.19;9.24;-1.95;-4.56;14.67;1
CCOLA;1.43;1.1;0.56;28.64;54.34;0.84;8.03;8.75;35.19;20.94;10.36;21.93;27.36;1
AEFES;1.01;0.77;0.42;24.98;53.75;0.58;5.84;1.58;36.02;16.41;2.72;6.78;28.44;1
TRILC;1.47;1.3;0.17;31.83;47.69;1.32;12.26;7.29;17.9;12.47;5.52;15.73;26.64;0
MEDTR;4.87;4.34;3.11;4.33;20.83;0.71;3.62;31.61;44.09;27.06;44.61;42.64;22.29;0
KERVT;1.33;0.98;0.03;28.85;66.5;1.18;5.28;-0.97;20.08;12.22;-0.82;-3.21;25.86;1
BLCYT;7.09;5.55;3.04;0.05;12.04;0.52;3.24;16.17;40.69;39.07;30.97;29.05;22.83;0
THYAO;0.73;0.69;0.4;56.26;74.37;0.36;26.32;3.04;22.74;28.67;8.43;12.62;-13.4;1
TCELL;1.73;1.71;1.09;52.03;68.08;0.57;107.44;8.24;30.63;43.67;14.41;23.21;74.24;1
TRGYO;0.48;0.2;0.09;25.31;27.07;0.09;0.36;31.57;79.24;71.72;37.67;45.57;-103.28;1
TKNSA;1;0.34;0.27;6.97;91.9;3.03;4.51;5.3;16.85;9.05;1.75;339.54;-79.29;1
TAVHL;0.92;0.88;0.36;34.61;70.66;0.13;17.23;1.11;40.49;28.59;8.57;4.01;-43.25;1
SELEC;1.43;1.14;0.17;0.85;65.64;2.31;10.68;8.13;8.28;4.42;3.52;23.26;29.69;0
PGSUS;1;0.99;0.59;69.32;87.14;0.26;90.6;-4.81;1.1;21.29;-18.5;-32.36;10.94;1
ODAS;0.86;0.63;0.13;35.84;47.4;0.28;4.36;0.75;26.45;27.96;2.69;1.74;13.71;0
NTHOL;0.86;0.83;0.65;19.23;40.08;0.08;13.06;7.19;38;33.49;89.97;13.05;-2.89;0
MAVI;1.11;0.82;0.59;34.1;70.86;1.36;3.43;11.77;51.34;22;8.67;49.31;-65.49;1
KARSN;0.9;0.75;0.15;53.59;73.41;0.64;6.2;3.06;27.74;19.25;4.78;11.48;56.16;1
INDES;1.17;1;0.36;16.22;84.28;2.38;16.78;7.32;4.32;3.26;3.08;53.59;-23.7;0
SAHOL;0.77;0.76;0.18;14.64;87.36;0.05;4.26;1.82;118.49;77.03;39.36;26.91;-11.01;1
GSDHO;3.79;3.78;1.75;18.69;29.03;0.17;55.91;19.07;94.75;84.07;10.73;27.89;17;1
GLYHO;1.06;1.02;0.5;68.45;83.59;0.19;17.5;-0.91;20.27;15.59;-4.72;-7.47;-56.1;1
DOAS;1.29;0.91;0.67;31.04;55.27;2.88;8.8;27.64;14.49;9.78;9.59;70.26;-71.01;1
DOHOL;2.62;2.27;1.64;20.89;35.77;0.92;10.14;15.72;14.7;10.34;17.05;26.5;9.36;1
BIMAS;0.88;0.46;0.19;26.77;74.32;2.62;10.46;10.89;19.02;9.19;4.16;39.68;76.27;1
ASELS;1.38;0.93;0.15;11.64;44.34;0.5;2.05;17.71;33.02;27.32;35.41;32.83;77.53;0
ALGYO;2.21;2.1;17.3;0.14;1.14;0.05;0.47;51.25;98.74;94.93;13.81;51.8;19.94;1
TTKOM;1.15;1.13;0.43;51.09;75.57;0.67;56.33;11.18;43.38;44.89;16.81;43.83;77.39;1
TKFEN;1.18;0.88;0.39;15.98;64.75;0.91;4.99;4.68;7.89;3.99;5.17;12.6;-10.66;1
SOKM;0.62;0.22;0.19;30.92;94.91;3.25;8.81;3.71;23.39;9.23;1.14;86.07;-82.55;1
SNGYO;3.25;2.12;0.95;40.52;56.76;0.25;0.8;37.36;47.79;40;150.7;26.47;75.07;0
MGROS;0.66;0.31;0.28;33.59;97.04;2.17;6.87;2.14;24.14;7.98;0.99;26.56;-54.23;1
LOGO;1.07;1.06;0.58;14.74;53.89;0.53;32.53;18.22;81.39;37.33;34.52;41.96;-27.74;1
KCHOL;0.85;0.79;0.15;28.05;88.13;0.33;7;1.84;29.26;19.07;5.55;27.63;-36.46;1
GOZDE;0.9;0.75;0.15;1.04;11.36;0.18;78.82;0.88;-2.6;39.59;17.05;96.92;3.84;1
ENKAI;2.91;2.76;2.43;1.81;25.94;0.28;7.1;5.63;26.02;26.41;20.01;7.47;16.28;1
EKGYO;2.03;0.64;0.29;15.57;48.81;0.23;0.27;4.49;32.67;24.94;19.77;8.81;16.06;1
DEVA;2.07;1.47;0.8;34.14;46.3;0.57;1.25;28.65;58.32;38.4;50.21;53.65;66.03;1
ALARK;1.14;1.01;0.62;3.04;36.08;0.36;10.13;22.71;1.5;-4.09;63.2;42.53;-12.67;0
AKSEN;1.14;1.1;0.18;27.42;48.74;0.92;64.94;11.14;14.97;17.81;12.1;24.22;14.2;1
NIBAS;0.84;0.64;0.12;0;19.39;0.3;9.05;19.63;8.92;-5.32;65.95;24.75;-14.99;0
KONYA;1.48;1.03;0.4;22.8;45.02;1.01;5.83;3.47;10.61;5.94;3.44;5.52;1.55;1
GOLTS;0.99;0.72;0.02;52.16;71.04;0.72;5.67;-1.11;25.62;14.01;-1.54;-3.7;26.51;0
AKCNS;1;0.57;0.15;22.56;55.97;0.97;5.14;10.23;14.66;14.12;10.57;22.18;53.52;1
DOGUB;2.94;1.22;1.11;0.2;20.05;0.35;1.67;1.73;25.64;0.17;4.89;2.35;0.05;0
BTCIM;0.4;0.25;0.01;55.91;75.79;0.56;6.29;-17.41;17.16;12.07;-31.25;-84.98;8.22;1
BSOKE;0.3;0.19;0;76.14;98.98;0.41;4.25;-38.1;16.32;6.64;-93.55;52;-0.47;1
OTKAR;1.39;0.89;0.23;39.71;75.01;0.87;2.02;20.18;38.07;20.24;23.1;83.19;116.5;1
AFYON;0.94;0.53;0.09;14.52;29.21;0.55;6.21;10.21;15.22;19.78;18.59;14.54;13.36;1
ASUZU;1.34;1.04;0.41;25.88;61.4;0.97;4.91;7.64;21.08;13.6;7.89;21.49;40.16;1
FMIZP;5.17;4.21;2.25;0.74;18.02;2.03;9.7;72.14;28.17;24.56;35.5;88.63;85.49;1
DOKTA;0.93;0.47;0.01;58.98;77.64;0.87;3.92;11.08;18.15;12.87;12.78;59.98;17.03;1
DITAS;1.14;0.69;0.11;29.55;78.85;1.09;3.73;11.57;28.28;16.32;10.6;57.04;43.85;1
BFREN;1.96;1.51;0.53;5.85;48.15;2.08;11.16;26.19;14.19;13.73;12.61;51.66;55.81;1
KUYAS;1.8;1.8;1.22;22.45;33.63;0.2;10.71;35.84;35.57;15.26;177.11;55.62;-9.75;0
TMPOL;1.33;1.04;0.32;42.88;71.56;1.28;5.86;13;18.43;12.86;10.15;46.23;44.67;0
SEKUR;0.92;0.6;0.02;32.3;69.83;0.83;4.78;-2.01;20.86;17.9;-2.43;-6.19;20.15;0
SANFM;1.09;0.91;0.41;39.63;69.27;0.87;8.62;18.65;22.4;16.7;21.33;70.06;-93.75;0
POLHO;1.22;0.91;0.33;22.24;45.4;0.6;5.8;8.54;20.92;18.25;14.22;14.72;28.03;1
MRSHL;0.82;0.48;0.13;37.38;99.13;1.15;3.66;-14.76;20.6;0.2;-12.81;-12.15;28.04;1
MEGAP;1.49;1.17;0.01;18.94;60.51;1.34;7.91;3.79;8.18;7.27;2.83;10.41;21.66;0
EPLAS;0.66;0.34;0.1;5.64;76.1;1.21;4;-11.7;22.91;11.24;-9.69;-34.93;34.72;0
KONTR;1.34;1.11;0.2;30.79;69.55;0.97;4.61;20.73;27.03;18.64;21.36;62.17;69.76;0
NETAS;0.84;0.73;0.15;34.3;99.03;0.76;9.09;-21.99;-11.45;-17.35;-29.1;-21.86;99.4;1
LINK;7.64;7.62;6.83;0;15.55;0.34;29.98;39.84;85.22;52.13;118.45;46.3;17.79;0
FONET;2.72;2.69;0.59;1.51;30.8;0.57;48.43;25.06;48.36;47.67;43.92;33.08;16.95;0
ESCOM;2.86;2.86;0.49;0;1.49;1;5;69.16;100;-80.42;53;70.65;-30.8;0
DGATE;1.64;1.25;0.06;28.8;60.29;3.4;12.63;5.62;4.9;2.97;1.66;20.48;20.55;0
DESPC;1.53;1.22;0.01;43.23;65.01;2.29;10.53;12.32;7.31;5.23;5.38;35.06;24.22;0
ARENA;1.26;0.95;0.17;26.4;79.47;2.15;8.86;2.38;4.94;2.99;1.11;9.6;40.38;1
ARMDA;1.71;1.47;0.06;22.61;80.2;1.88;13.39;-0.69;4.5;2.82;-0.36;-3.5;4.66;1
IZTAR;0.57;0.31;0.01;20.91;57.02;0.29;2.2;-7.07;-1.34;-3.06;-24.33;-18.64;-6.22;0
SELVA;0.98;0.68;0.39;49.28;61.16;0.59;4.46;-2.23;19.94;11.45;-3.78;-6.94;13.49;0
ULUUN;1.17;0.84;0.19;43.31;80.29;3.47;13.32;5.2;5.62;3.51;1.5;25.09;68.81;0
PNSUT;1.12;0.82;0.04;15.09;42.41;1.01;8.54;4.42;12.98;5.91;4.38;7.79;7.47;1
KRSTL;2.76;1.98;0.48;0.92;22.88;1.02;5.82;4.23;3.93;-2.15;4.13;5.49;-4.42;0
ERSU;2.19;0.18;0.01;0;25.52;0.33;1.06;0.74;3.98;-8.43;2.22;1;0.65;0
BANVT;1.39;0.91;0.36;28.75;68.2;1.62;6.22;2.89;12.77;10.39;1.79;8.47;32.76;1
AVOD;1.15;0.61;0.04;32.19;54.53;0.73;1.81;6.27;26.05;18.31;8.57;19.63;29.65;0
VAKKO;1.29;0.47;0.23;27.76;65.32;1.21;1.28;15.95;57.52;27.23;13.14;48.71;58.71;1
MNDRS;0.87;0.46;0.07;54.68;73.14;0.69;3.14;-8.26;16.57;16.61;-12.03;-31.27;21.7;0
DESA;1.62;1.02;0.56;33.22;67.27;0.87;1.6;9.37;44.34;23.97;10.72;30.64;58.11;0
DERIM;1.25;1.14;0.17;13.96;81.23;1.06;13.76;0.77;14.53;8.83;0.72;3.75;57.54;1
DAGI;1.42;0.69;0.21;37.02;46.78;0.61;1.4;-3.24;47.21;7.35;-5.3;-6;-1.2;0
ARSAN;2.15;1.5;0.4;6.91;16.25;0.56;7.13;30.59;14.91;10.65;54.54;40.42;17.69;0
YATAS;1.42;0.67;0.13;18.9;54.16;1.58;3.65;14.17;34.66;15.15;8.96;33.33;41.05;0
GENTS;1.79;0.98;0.43;11.48;43.64;1.16;2.81;15.71;20.9;12.48;13.6;30.69;30.26;0
PRZMA;1.79;0.72;0.01;19.12;29.6;0.49;1.59;0.9;18.25;16.32;1.84;1.23;25.91;0
HURGZ;0.78;0.69;0.01;3.59;33.56;0.31;15.94;4.81;-1.98;-31.01;15.73;7.22;-21;0
DURDO;1.07;0.62;0.05;55.47;86.88;1.15;3.37;0.29;35.63;17.28;0.25;1.78;19.04;1
ALKA;2.6;2.08;1.25;0;39.3;1.63;6.52;42.79;22.22;19.66;26.3;66.44;78.26;1
TUCLK;1.26;1.07;0.24;34.47;62.94;0.65;6.29;15.23;20.46;18.51;23.51;42.97;28.41;0
IZMDC;0.69;0.4;0.32;76.5;89.67;1.75;7.06;-12.38;10.42;11.26;-7.08;-19.04;-14.18;1
DMSAS;1.36;1.03;0.12;36.85;66.9;1.43;7.63;6.71;11.6;7.76;4.71;19.3;19.14;0
CUSAN;1.42;0.81;0.13;19.21;63.37;1.78;4.29;15.62;22.12;17.38;8.76;40.78;76.95;0
CEMAS;9;8.26;6.33;0;8.55;0.35;5.55;33.48;17.83;9.48;95.99;38.57;14.69;0
CEMTS;4.8;2.34;0.81;0;18.03;1.6;3.04;42.71;29.44;25.39;26.7;51.46;42.24;0
BURVA;1.32;0.82;0.13;42.05;73.13;0.78;1.91;1.77;24.47;8.11;2.27;6.08;5;0
BURCE;0.94;0.57;0.07;24.5;55.38;0.72;4.31;1.37;20.27;10.84;1.9;3.17;10.2;0
BRSAN;1.04;0.64;0.31;30.89;59.63;0.6;3.27;0.77;8.05;6.1;1.29;1.85;3.52;1
PRKME;1.08;1.01;0.12;0;13.23;0.08;9.55;27.01;46.03;65.56;21.97;30.68;-39.59;1
ENJSA;0.9;0.87;0.03;34.2;70.16;1.09;72.18;8.15;27.11;17.58;7.47;27.66;-51.18;1
YAYLA;0.19;0.16;0.02;22.14;33.74;0.06;10.58;4.66;-4.49;-27.48;77.06;7.39;-9.15;0
AYEN;0.62;0.62;0.21;62.4;67.48;0.35;2.51;8.15;36.03;41.56;7.09;9.16;18.07;1
ORGE;2.81;2.54;0.24;9.93;40.63;0.63;7.5;21.21;36.12;33.67;33.67;35.44;37.14;0
YYAPI;0.55;0.24;0.04;3;43;0.02;0.27;4.63;1.68;-28.56;13.55;8.3;7;0
SANKO;2.25;2.23;0.39;0;35.93;2.4;41.93;17.18;2.91;1.06;7.15;23.22;-6.43;1
MIPAZ;0.68;0.16;0.11;0.96;16.19;0;0.59;18.58;12;-19.77;11.36;21.92;42.02;1
MEPET;0.38;0.31;0.01;10.96;40.77;1.17;69.76;12.91;6.88;8.21;11.01;23.54;13.05;0
BUCIM;3.59;2.4;0.92;6.83;25.52;1.12;4.24;6.93;16.08;9.92;6.16;12.72;8.86;0
OYAKC;1.23;1;0.34;20.88;42.55;1.38;11.86;16.86;19.72;17.17;12.22;28.61;33.45;1
CIMSA;0.87;0.79;0.31;30.43;64.15;0.47;7.78;3.95;22.53;21.37;8.46;11.84;30.54;1
AKCNS;1.24;1.02;0.38;24.98;50.36;0.89;9.05;5.18;16.87;16.42;5.85;10.34;25.11;1
TTRAK;1.81;1.38;0.93;28.19;68.62;1.66;6.57;20.68;20.95;16.93;12.44;70.42;18.51;1
TOASO;1.18;1.04;0.39;34.35;77.06;1.46;17.98;11.05;13.64;12.84;7.57;40.56;36.6;1
TMSN;1.55;1.16;0.34;22.2;43.25;0.63;3.97;4.41;25.19;13.57;7.05;7.57;8.57;0
OTKAR;1.49;0.87;0.24;42.78;76.76;0.83;1.63;17.63;41.05;23.09;21.26;75.17;72.24;1
KARSN;1.4;1.24;0.08;56.43;73.2;0.59;7.56;0.77;30.38;24.48;1.3;2.9;44.87;1
FROTO;1.41;1.21;0.65;33.19;71.07;2.43;20.23;20.59;12.51;10.68;8.48;71.65;24.72;1
PARSN;0.77;0.38;0.06;46.81;55.65;0.27;2.21;5.67;27.96;25.69;20.88;14.65;4.55;1
JANTS;2.36;1.79;0.81;8.18;33.18;1.43;5.78;31.21;26.51;19.31;21.84;46.58;51.93;0
EGEEN;2.5;2.21;1.64;10.98;32.43;0.47;2.64;24.56;41.69;36.59;51.71;37.77;51.6;1
ISMEN;1.27;0.93;0.44;61.07;73.82;0.83;3.14;11.11;32.7;27.22;13.39;36.54;79.24;1
BRISA;1.28;1.01;0.67;52.23;76.27;0.75;4.73;9.52;30.13;22.3;12.74;46.24;76.86;1
KLKIM;1.41;1.24;0.6;8.04;49.29;1.27;10.77;20.18;39.09;20.74;15.95;42.42;10.12;1
TUPRS;1.08;0.81;0.7;47.81;80.92;1.08;7.16;-4.27;2.79;0.78;-3.94;-20.43;16.23;1
SASA;0.63;0.32;0.11;54.73;73.25;0.54;3.78;3.37;21.59;20.47;6.19;11.41;45.22;1
PETKM;2;1.84;0.93;50.8;62.18;0.7;10.86;6.25;15.52;14.92;8.96;17.47;21.74;1
KORDS;1.14;0.66;0.18;39.18;56.89;0.61;3.04;2.07;17.7;12.65;3.37;6.34;12.45;1
HEKTS;1.26;0.9;0.06;51.72;65.73;0.62;1.97;11.56;34.66;26.08;18.58;31.27;44.31;1
GUBRF;0.98;0.55;0.21;31.7;65.91;1.15;3.15;5.54;23.77;14.47;4.84;32.06;82.83;0
GOODY;1.86;1.29;0.26;2.73;45.15;1.82;6.46;8.63;15.36;10.31;4.73;15.49;24.87;1
BAGFS;1.26;0.98;0.77;47.86;79.2;0.58;4.78;-2.32;17.06;18.52;-3.97;-9.77;41.45;0
AYGAZ;1.18;0.97;0.52;28.99;57.05;1.96;27.82;-0.48;8.99;4.11;-0.25;-1.04;17.32;1
ALKIM;3.54;2.43;1.34;6.27;28.24;1.15;3.7;30.47;33.95;29.67;26.41;44.82;61.11;1
AKSA;1.46;1.11;0.52;38.57;62.12;0.9;4.82;9.65;23.56;22.37;10.7;25.87;62.57;1
KONKA;3.5;2.1;0.88;11.26;20.37;0.43;3.18;18.13;25;16.22;41.79;70.29;10.13;0
TEZOL;3.53;2.47;1.3;23.77;33.1;1.11;3.77;23.54;33.6;24.42;21.15;34.44;38.23;1
TIRE;0.97;0.75;0.01;27.68;69.58;1.38;8.25;7.3;17.52;8.59;5.29;23.31;24.13;1
KARTN;4.14;2.87;1.82;0.82;17.86;1.44;5.33;22.01;22.31;20.21;15.27;26.66;32.41;0
SARKY;1.46;0.95;0.11;48.86;72.15;2.61;8.61;9.59;6.85;5.76;3.68;34.82;37.29;0
KRDMD;1.02;0.65;0.3;20.79;63.93;0.76;3.58;0.61;15.21;16.57;0.81;1.56;19.98;1
ISDMR;4.6;2.97;0.01;4.22;22.45;0.68;3.18;9.7;18.95;21.75;14.32;12.7;7.95;1
EREGL;3.02;1.95;1.44;11.38;29.09;0.61;2.69;6.32;18.49;20.8;10.33;9.44;10.62;1
ERBOS;3.08;2.18;0.85;17.96;26.19;0.93;2.98;13.88;18.35;12.06;14.99;21.26;20.68;0
CEMTS;5.57;3.08;1.15;1.27;15.26;1.26;3.63;22.16;18.07;14.04;17.61;26.09;14.37;0
VESTL;0.8;0.57;0.19;32.55;72.58;0.93;4.5;7.62;27.93;16.72;8.23;32.94;-98.52;1
VESBE;1.26;1.05;0.05;17.51;59.15;1.42;9.51;20.15;19.2;19.44;14.15;51.52;64.94;1
ARCLK;1.39;1.09;0.5;36.68;69.87;1.01;4.25;7.01;33.78;12.39;6.97;24.26;53.29;1
KUTPO;2.9;1.41;0.1;5.4;28.87;0.77;1.57;6.59;40.89;6.99;8.56;9.2;0.98;0
EGSER;2.22;1.58;0.51;3;36.98;1.08;3.34;16.74;32.54;22.23;15.44;25.79;37.02;0
KOZAL;10.43;9.77;9.64;0.17;9.75;0.44;2.99;24.58;63.77;59.31;55.71;27.18;15.24;1
KOZAA;10.41;9.78;9.19;0.18;10.22;0.43;3.08;9.13;61.89;56.99;21.03;21.7;128.02;1
IPEKE;10.46;9.83;9.23;0.06;10.09;0.43;3.09;4.72;61.75;56.84;10.88;25.6;125.31;1
KRVGD;2.06;1.52;0.57;22.5;38.99;0.97;3.66;11.77;34.26;21.16;12.11;22.01;36.12;0
ULKER;5.4;5.05;3.04;52.47;63.82;0.61;9.23;6.62;28.12;17.24;10.81;20.12;25.71;1
TUKAS;1.43;0.5;0.04;41.32;56.06;0.8;1.61;12.45;29.66;25.28;15.57;30.86;38.08;1
TATGD;2.85;1.97;0.29;23.16;46.15;0.69;1.57;14.33;31.59;18.09;20.83;26.44;13.36;1
DARDL;0.61;0.48;0.02;58.19;82.26;2.24;18.25;21.76;29.07;10.71;9.73;-118.07;124.44;1
CCOLA;1.77;1.53;1.08;32.17;54.37;0.82;9.74;7.02;35.25;21.64;8.57;17.39;29.06;1
AEFES;1.25;1.03;0.68;24.06;50.53;0.55;6.77;1.69;37.18;17.76;3.05;6.32;25.04;1
TRILC;1.06;0.84;0;32.25;62.89;0.6;3.3;10.01;49.67;39.36;16.71;31.24;46.98;0
MEDTR;2.75;2.19;0.64;13.04;36.45;1.28;4.48;21.51;45.66;29.44;16.82;42.51;56.14;0
BLCYT;4.15;2.89;1.24;6.37;12.33;0.39;1.58;8.42;38.12;35.35;21.78;15.02;21.39;0
KERVT;2.15;1.59;0.05;11.3;58.93;0.98;4.48;13.31;24.41;15.34;13.6;42.37;15.13;1
THYAO;0.65;0.6;0.28;65.42;78.92;0.28;22.11;-3.34;5.78;17.79;-12.03;-13.92;-6.86;1
TCELL;1.78;1.76;1.09;41.92;59.64;0.58;15.52;8.72;31.01;44.56;14.99;21.82;62.72;1
TRGYO;0.49;0.12;0.07;33.74;36.06;0.08;0.42;2.14;61.12;53.76;26.49;3.4;-59.88;1
TKNSA;0.81;0.26;0.2;32.46;18.44;3.23;4.88;4.91;16.6;8.39;1.52;-40.87;-55.45;1
TAVHL;0.85;0.84;0.53;37.49;73.71;0.08;33.03;-7.93;15.49;4.27;-94.53;-26.73;20.24;1
SELEC;1.44;1.09;0.2;0.87;64.28;2.27;9.9;6.35;7.31;3.41;2.79;17.63;22.71;0
PGSUS;0.82;0.81;0.55;65.4;81.47;0.19;22.63;-7.84;-26.2;10.02;-40.91;-36.63;72.87;1
ODAS;0.47;0.29;0.01;59.2;76.86;0.29;4.38;-7.43;24.31;29.29;-25.3;-30.8;21.22;0
NTHOL;0.78;0.73;0.49;27.41;45.31;0.06;10.67;-6.5;4.3;17.95;-116.13;-11.48;-0.58;0
MAVI;1;0.69;0.5;51.89;80.28;1.03;2.35;0.2;48.3;16.02;0.19;0.94;-16.6;1
KARSN;1.4;1.24;0.08;56.43;73.2;0.59;7.56;0.77;30.38;24.48;1.3;2.9;44.87;1
INDES;1.16;1.01;0.39;21.29;83.58;3.24;19.68;4.53;3.76;2.65;1.4;28.79;-68.65;0
SAHOL;0.77;0.76;0.16;14.8;84.68;0.05;4.94;1.05;100.59;55.35;22.14;13.38;-8.86;1
GSDHO;3.33;3.32;1.67;12.17;25.01;0.06;39.9;2.16;80.22;36.2;38.9;3.01;-2.66;1
GLYHO;0.64;0.62;0.22;65.23;83.53;0.19;15.29;-3.63;13.48;18.56;-19.54;-28.97;-2.48;1
DOAS;1.03;0.41;0.15;33.54;67.74;3.21;8.91;17.61;13.1;8.61;5.49;58.74;26.22;1
DOHOL;2.83;2.56;1.85;21.17;31.51;0.86;13.54;11.15;11.94;8.35;12.91;17.85;9.01;1
BIMAS;1.01;0.63;0.34;26.01;69.37;2.88;13.76;13.51;18.24;9.13;4.7;45.68;81.87;1
ASELS;1.59;1.14;0.33;11.41;46.92;0.54;2.3;14.9;28.59;24.39;27.63;28.36;65.49;0
ALGYO;5.72;5.42;1.08;0.34;0.94;0.02;0.58;19.66;92.88;78.15;50.71;19.87;3.64;1
TTKOM;0.93;0.92;0.35;47.48;73.08;0.67;60.3;7.51;46.6;45.58;11.23;29.59;76.13;1
TKFEN;1.21;0.93;0.45;16.95;58.25;0.88;6.21;-0.45;7.79;3.4;-0.51;-1.08;-29.07;1
SOKM;0.59;0.22;0.2;31.41;96.73;3.17;9.54;4.05;23.58;9.83;1.28;24.56;-70.29;1
SNGYO;1.1;0.46;0.03;70.39;87.73;0.36;0.75;2.71;39.06;34.96;7.56;23.59;43.28;0
MGROS;0.7;0.38;0.31;44.04;99.78;1.93;7.12;-2.7;25.7;7.73;-1.4;-28.8;-54.58;1
LOGO;1.34;1.33;0.72;13.88;51;0.58;58.84;12.23;81.73;32.51;21.01;26.29;-22.6;1
KCHOL;0.82;0.78;0.16;28.85;86.02;0.36;6.65;2.37;31.1;17.82;6.51;22.45;-50.8;1
GOZDE;0.62;0.22;0.19;2.2;34.3;0.01;4.94;33.73;38.97;-21.22;27.49;55.18;1.62;1
ENKAI;3.38;3.13;2.63;2.23;19.91;0.21;4.87;8.08;24.95;24.31;38.78;10.22;8.66;1
EKGYO;2.17;0.7;0.21;18.1;49.4;0.18;0.24;3.17;23.83;15.28;17.68;5.92;6.24;1
DEVA;1.97;1.39;0.62;35.42;47.07;0.72;1.69;25.02;54.25;36.35;34.96;48.89;66.35;1
ALARK;2.22;2.07;1.48;4.89;29.5;0.28;5.84;22;37.8;29.97;77.7;42.11;26.53;0
NIBAS;1.39;1.08;0.2;0;22.85;0.23;6.15;-5.56;11.55;-9.49;-24.32;-6.99;-4.73;0
KONYA;2.62;2.1;0.77;3.78;25.28;0.82;5.91;3.95;11.13;4.52;4.8;5.09;-3.24;1
GOLTS;1.06;0.89;0.01;50.58;67.08;0.7;7.12;1.27;27.97;11.98;1.81;3.88;19.07;0
AKCNS;1.24;1.02;0.38;24.98;50.36;0.89;9.05;5.18;16.87;16.42;5.85;10.34;25.11;1
DOGUB;0.83;0.42;0.06;0;35.2;0.25;2.05;-6.85;15.21;-17.8;-27.48;-9.54;-6.77;0
BTCIM;0.53;0.37;0.1;69.4;86.82;0.47;5.72;-13.17;14.75;7.9;-28.18;-64.18;0.66;1
BSOKE;0.4;0.2;0.01;87.9;103.72;0.35;3.75;-26.14;13.47;3.03;-73.83;-29.22;-3.93;1
OTKAR;1.49;0.87;0.24;42.78;76.76;0.83;1.63;17.63;41.05;23.09;21.26;75.17;72.24;1
AFYON;0.75;0.61;0.18;17.18;30.46;0.4;13.53;2.52;7.37;15.62;6.31;5.15;7.63;1
ASUZU;1.12;0.74;0.26;32.58;70.19;0.71;3.05;0.78;20.28;10.67;1.1;2.4;24.27;1
FMIZP;4.97;4.03;3.11;1.39;19.53;1.24;7.39;43.35;30.6;27.16;35.01;52.22;71.63;1
DOKTA;0.74;0.42;0.04;69.99;89.56;0.77;3.97;4.84;22.47;15.21;6.32;56.42;16.09;1
DITAS;1.04;0.74;0.01;21.93;73.15;1.44;5.56;5.29;25.83;10.9;3.67;18.47;29.71;1
BFREN;1.9;1.62;0.69;6.57;50.7;1.68;11.49;19.04;13.84;14.09;11.32;34.69;36.41;1
KUYAS;1.89;1.51;1.23;32.6;38.55;0.03;0.19;4.17;55.58;-72.84;148.14;8.71;-9.73;0
TMPOL;1.18;0.86;0.12;44.81;72.37;0.91;3.79;7.56;29.4;22.41;8.27;25.64;44.26;0
SEKUR;1.04;0.82;0.06;32.7;62.28;0.93;7.04;-0.98;16.63;14.32;-1.05;-2.56;14.09;0
SANFM;1.08;0.97;0.45;51.19;78.96;0.97;8.65;6.37;21.13;15.12;6.53;30.3;-33.47;0
POLHO;1.27;1.04;0.49;23;37.43;0.41;5.98;4.98;19.44;16.71;12.04;7.93;14.05;1
MRSHL;0.99;0.83;0.39;22;78.56;1.28;7.61;5.49;31.14;9.74;4.28;22.99;22.99;1
MEGAP;1.4;1.21;0.02;18.59;72.5;2.19;14.54;12.17;4.67;4.17;5.57;46.34;26.98;0
EPLAS;2.15;1.4;0.81;1.46;47.61;1.21;3.08;33;30.3;12.6;27.2;71.38;62.39;0
KONTR;1.61;1.27;0.33;17.52;58.22;0.81;4.47;9.67;23.65;13.35;11.92;27.21;58.81;0
NETAS;1.06;0.95;0.18;24.3;75.71;0.78;10.12;-3.22;10.21;4.43;-4.1;-12.69;-8.66;1
LINK;12.63;12.63;10.69;0;11.45;0.43;28.4;26.36;83.99;51.1;61.83;30.17;37.76;0
FONET;2.95;2.81;0.92;2.03;12.75;0.69;35.93;29.5;49.74;49.09;42.73;34.29;21.41;0
ESCOM;3.33;3.33;0.22;0;3.39;1;3.76;41.98;90;-39.83;92;43.59;-5.12;0
DGATE;1.55;1.1;0.06;36.4;63.37;4.33;16.11;6.4;4.53;2.77;1.48;19.24;26.82;0
DESPC;1.53;1.21;0.07;48.48;64.63;3.08;12.61;9.46;5.55;3.48;3.08;23.03;20.95;0
ARENA;1.53;1.15;0.21;24.35;64.97;3.57;14.6;4.52;4.81;3.17;1.27;12.56;35.72;1
ARMDA;1.44;1.27;0.21;20.53;79.58;2.19;19.29;1.06;4.09;2.25;0.48;4.87;18.7;1
IZTAR;0.62;0.3;0.01;26.75;44.86;0.29;2.37;-4.03;7.09;4.98;-14.11;-9.01;-0.87;0
SELVA;1.03;0.82;0.24;69.83;77.57;0.43;7.02;6.07;21.4;13.66;14.26;45.87;16.74;0
ULUUN;1.38;0.9;0.37;48.96;77.02;2.94;10.87;2.93;4.67;2.91;1;13.16;35.99;0
PNSUT;1.1;0.79;0.1;16.09;44.69;1.17;9.43;2.32;12.92;5.2;1.98;4.1;7.74;1
KRSTL;3.44;2.45;0.35;4.57;22.54;1.1;6.21;2.95;5.86;3.4;2.67;3.93;3.53;0
ERSU;2.47;0.58;0.03;0.1;26.31;0.3;0.83;0.97;9.52;2.24;3.27;1.35;-0.31;0
BANVT;1.69;1.28;0.47;28.03;62.39;1.56;9.02;-8.47;6.07;3.23;-5.43;-19.04;-4.36;1
AVOD;0.97;0.45;0.04;32.16;70.54;0.69;1.83;-1.35;16.12;8.98;-1.96;-5.93;47.32;0
VAKKO;1.4;0.36;0.11;43.71;69.56;0.82;0.99;1.12;51;17.18;1.36;3.76;9.96;1
MNDRS;1.1;0.59;0.05;54.2;73.06;0.87;3.06;-4.48;18.88;15.66;-5.16;-20.9;29.08;0
DESA;1.6;0.67;0.39;43.94;73.27;0.65;0.77;0.46;49.64;24.65;0.71;1.75;53.73;0
DERIM;1.43;1.37;0.02;30.32;77.57;0.77;18.59;-1.64;8.1;1.79;-2.14;-7.16;3.22;1
DAGI;1.16;0.46;0.21;34.62;44.83;0.46;1.23;3.14;44.78;15.62;6.87;5.97;-1.35;0
ARSAN;2.53;1.88;0.91;13.32;24.8;0.41;4.39;16.67;15.16;11.49;40.34;25.65;10.5;0
YATAS;1.53;0.92;0.51;25.74;62.6;1.49;3.74;14.47;39.04;18.92;9.73;37;61.06;0
GENTS;3.17;1.67;0.44;5.92;27.82;1.08;2.26;14.5;30.49;21.43;13.43;24.39;30.45;0
PRZMA;1.92;0.88;0.01;7.65;24.19;0.3;1.28;15.12;12.34;1.75;50.18;18.95;-7.11;0
HURGZ;1.22;1.14;0.02;1.94;33.71;0.34;18.26;-8.69;3.02;-38.09;-25.6;-12.47;-23.27;0
DURDO;1.22;0.83;0.31;58.76;79.5;0.92;3.89;-3.41;26.68;15.67;-3.71;-14.98;61.63;1
ALKA;3.63;2.82;1.51;0;28.39;1.5;6.24;31.47;25.06;21.13;21;45.07;67.42;1
TUCLK;1.02;0.86;0.09;40.31;67.75;0.64;7.59;2.37;22.88;17.22;3.69;6.84;18.82;0
IZMDC;0.43;0.14;0.08;68.43;90.43;1.18;5.63;-10.34;6.33;8.01;-8.74;-17.96;45.34;1
DMSAS;1.72;1.32;0.45;34.83;62.68;1.13;5.86;4.61;14.82;11.51;4.07;11.8;17.32;0
CUSAN;1.58;1.04;0.19;11.9;50.92;0.97;2.88;6.83;22.78;13.45;7.01;13.82;16.4;0
CEMAS;2.87;2.4;1.07;0;18.85;0.4;5.35;7.88;21.07;14.02;19.67;11.88;14.21;0
CEMTS;5.57;3.08;1.15;1.27;15.26;1.26;3.63;22.16;18.07;14.04;17.61;26.09;14.37;0
BURVA;1.62;1.03;0.25;47.78;68.13;1.75;5.88;1.36;14.6;7.63;0.78;4.05;18.05;0
BURCE;1.02;0.63;0.22;28.23;53.09;0.54;3.9;1.88;13.87;2.68;3.47;4.04;0.85;0
BRSAN;0.99;0.62;0.25;35.42;55.85;0.5;2.88;-0.14;9.39;6.86;-0.28;-0.33;0.64;1
PRKME;2.44;2.4;0.96;0;10.15;0.07;20.21;8.82;26.37;54.05;17.6;9.96;-25.54;1
ENJSA;0.83;0.81;0.09;39.56;71.01;0.91;10.92;4.53;25.92;16.27;5;15.55;-28.63;1
YAYLA;0.55;0.53;0.24;33.57;41.27;0.09;22.61;-3.35;-37.97;-50.43;-35.44;-5.51;-17.22;0
AYEN;0.34;0.34;0.12;69.18;73.8;0.19;1.75;-3.07;33.33;43.65;-16.11;-12.4;6.83;1
ORGE;3.21;3.15;0.76;19;39.45;0.48;12.03;15.73;39;35.51;33.07;25.55;29.97;0
YYAPI;0.72;0.62;0.05;3.95;44.83;0.01;0.13;0.34;15.87;-31.91;49.85;0.64;-19.89;0
SANKO;14.67;14.59;1.85;0;8.61;2.01;48.76;9.95;3;0.47;4.95;11.18;-3.98;1
MIPAZ;2.47;0.88;0.55;0.01;14.02;0;0.04;10.07;-7.38;-29.01;34.86;11.65;-76.64;1
MEPET;0.34;0.3;0.01;14.35;52.11;1.03;72.41;-4.07;4.57;6.36;-3.97;-8.17;4.57;0
AKSEN;1.05;1.01;0.1;30.89;51.33;0.8;28.57;5.22;16.56;21.25;6.5;12.19;17.35;1
BUCIM;3.37;2.18;0.91;10.03;23.95;1.11;4.11;1.09;10.75;4.45;0.98;1.95;1.49;0
OYAKC;4.52;3.4;2.05;0;19.63;0.67;3.42;9.7;18.95;10.76;14.41;12.07;0.59;1
CIMSA;0.78;0.65;0.2;45.07;60.64;0.48;7.58;0.36;17.62;15.7;0.76;0.97;10.37;1
AKCNS;1.18;0.9;0.23;23.71;48.2;0.88;7.38;3.61;13.85;13.4;4.12;7.09;18.15;1
TTRAK;1.77;1.19;0.68;47.9;73.8;1.27;3.8;3.72;14.41;9.8;2.94;15.81;25.87;1
TOASO;1.14;1.02;0.46;30.84;66.2;1.46;18.09;11.48;13.22;13.12;7.84;36.88;25.15;1
TMSN;1.42;1.05;0.22;23.36;40.15;0.38;1.99;-3.56;14.53;-0.81;-9.36;-6.07;-2.13;0
OTKAR;1.87;1.13;0.21;29.95;76.19;0.98;2.07;14.12;37.81;17.76;14.46;68.45;42.58;1
KARSN;0.94;0.85;0.04;59.07;73.83;0.7;9.18;0.74;18.5;14.45;1.06;3.62;58.71;1
FROTO;1.17;0.96;0.37;37.84;71.57;2.65;19.06;13.24;10.24;8.54;5;45.79;94.77;1
PARSN;0.69;0.36;0.03;49.64;58.14;0.31;2.83;-0.24;22.42;18.1;-0.76;-0.7;2.91;1
JANTS;2.33;1.6;0.61;14.04;32.71;1.38;4.89;20.99;23.09;15.12;15.25;32.22;37.47;0
GOODY;1.88;1.24;0.05;4.25;43.25;1.9;6.91;17.09;14.61;9.81;8.97;34.61;24.24;1
EGEEN;3.69;2.95;1.75;7.41;21.85;1.03;5.21;24;30.4;27.74;23.35;36.27;53.94;1
ISMEN;1.16;0.87;0.32;45.97;63.78;0.93;4.12;6.68;23.16;17.58;7.21;20.09;54.58;1
BRISA;0.95;0.68;0.38;60.18;83.01;0.72;4.51;2.32;23.6;17.16;3.2;12.54;29.3;1
KLKIM;1.11;0.98;0.38;18.02;56.56;1.16;8.69;8.94;35.73;14.61;7.72;20.93;45;1
TUPRS;0.99;0.66;0.38;34.36;76.34;1.88;10.44;1.1;5.45;4.25;0.59;4.62;38.35;1
SASA;0.48;0.25;0.04;55.84;66.66;0.46;3.73;17.88;11.41;8.26;38.5;49.26;47.7;1
PETKM;1.86;1.68;0.79;57.59;67.24;0.85;9.78;5.94;13.72;13.11;6.97;18.17;21.41;1
KORDS;1.18;0.71;0.28;43.43;60.68;0.86;3.64;5.66;19.21;14.55;6.61;16.65;21.77;1
HEKTS;2.62;1.9;0.49;48.48;58.6;0.77;1.59;15.21;42.8;34.85;19.87;38.46;56.02;1
GUBRF;0.88;0.49;0.07;38.25;80.38;1.01;2.99;-3.47;19.56;9.34;-3.45;-21.01;42.12;0
BAGFS;1.02;0.56;0.42;44.46;72.91;0.6;3.76;5.6;18.32;19.7;9.38;20.25;32.48;0
AYGAZ;1.06;0.89;0.45;25.18;49.99;2.05;30.26;5.49;9.37;4.66;2.68;10.98;20.18;1
ALKIM;3.42;2.44;1.34;9.41;23.63;1.34;4.25;25.51;29.08;24.57;19.02;37.15;46.01;1
AKSA;1.05;0.73;0.31;38.07;63.34;0.87;5.23;6.63;17;15.73;7.62;18.62;44.99;1
KONKA;1.98;1.45;0.16;18.98;34.87;0.48;3.8;2.23;19.22;12.28;4.67;12.54;13.58;0
TEZOL;3.53;2.51;1.06;17.83;29.65;1.4;5.34;25.05;31.01;23.07;17.95;37.87;41.18;1
TIRE;0.93;0.73;0.02;35.69;67.53;1.25;7.14;-1.96;14.8;6.23;-1.57;-6.29;12.08;1
KARTN;4.02;2.26;1.19;0.81;16.9;1.42;5.18;15.69;16.82;15.19;11.03;18.84;24.08;0
SARKY;1.35;0.87;0.07;53.01;72.85;2.92;10.44;4.49;4.44;3.4;1.54;15.63;23.89;0
KRDMD;1.06;0.5;0.08;21.68;57;0.7;3.26;0.93;9.01;10.71;1.33;2.02;10.01;1
ISDMR;3.32;1.96;0.02;8.42;25.12;0.77;3.35;10.12;17.33;19.64;13.1;13.51;9.57;1
EREGL;2.55;1.57;1.13;16.5;33.05;0.62;2.46;7.5;18.25;19.87;12.08;11.31;11.22;1
ERBOS;2.06;1.33;0.67;23.06;44.3;1.16;3.47;12.61;15.43;9.55;10.85;21.69;25.45;0
CEMTS;7.8;5.14;2.95;5.23;14.82;1.27;3.92;10.37;12.91;8.41;8.15;12.55;9.09;0
VESTL;0.66;0.46;0.16;40.15;80.57;0.92;4.53;1.73;24.91;13.6;1.89;9.37;-48.14;1
VESBE;1.06;0.84;0.04;16.12;63.76;1.44;9.93;11.75;12.7;13.23;8.15;31.4;41.69;1
ARCLK;1.58;1.19;0.47;43.06;71.74;1.01;4.05;2.93;32.12;10.45;2.9;10.37;31.53;1
KUTPO;3.45;1.63;0.11;8.44;27.86;0.81;1.48;9.07;41;12.68;11.17;12.39;6.67;0
EGSER;2.46;1.43;0.15;3.31;32.46;0.86;2.76;5.29;23.53;8.5;6.14;7.52;8.41;0
KOZAL;13.01;12.08;10.97;0.07;9.3;0.53;2.78;33.08;66.47;63.98;62.03;36.27;105.59;1
KOZAA;12.22;11.31;10.69;0.07;9.39;0.51;2.85;13.99;64.69;61.93;27.22;32.12;118.18;1
IPEKE;12.18;11.27;10.68;0.07;9.39;0.51;2.87;7.12;64.52;61.94;13.88;35.51;117.21;1
KRVGD;1.22;0.77;0.02;39.14;59.36;1.17;4.14;12.79;30.6;18.11;10.92;36.5;37.61;0
ULKER;1.28;1.2;0.75;46.44;61.43;0.67;9.46;7.72;27.41;16.71;11.6;23.49;67.1;1
TUKAS;1.36;0.52;0;50.14;65.24;0.9;1.86;15.04;28.43;24.88;16.72;47.12;57.22;1
TATGD;2.84;1.61;0.04;22.18;45.38;1.21;3.11;7;21.48;9.38;5.79;12.46;12;1
DARDL;0.43;0.33;0.04;158.88;260.51;3.88;13.86;3.98;31.03;11.86;1.03;-1.92;-34.48;1
CCOLA;1.55;1.3;0.83;34.41;53.83;0.82;9.6;6.44;34.35;18.78;7.89;15.92;22.5;1
AEFES;1.33;1.09;0.65;22.96;47.4;0.55;6.92;2.41;37.67;16.4;4.38;8.43;16.74;1
TRILC;0.89;0.81;0.01;42.4;75.56;0.67;7.7;5.9;46.02;33;8.86;21.11;48.73;0
MEDTR;2.27;1.76;0.08;18.56;42.56;1.1;3.51;6.01;39.77;19.3;5.49;20.9;21.34;0
KERVT;2.47;1.8;0.02;2.73;64.51;0.87;4.82;4.78;24.61;15.22;5.53;20.32;15.39;1
BLCYT;3.53;2.27;0.36;5.67;15.16;0.72;3.38;18.12;33.98;32.41;25.13;37.9;31.18;0
THYAO;0.8;0.75;0.42;54.08;72.22;0.59;45.57;3.54;17.41;15.97;6.04;12.58;3.95;1
TCELL;1.53;1.51;0.84;44.42;60.44;0.54;93.73;7.34;33.56;44.78;13.53;19.11;48.11;1
TRGYO;0.9;0.4;0.33;36.33;38.21;0.08;0.26;6.66;68.89;61.19;87.36;10.76;-71.09;1
TKNSA;0.67;0.09;0.03;30.62;116.65;3.64;5.06;-13.08;17.27;7.46;-3.59;83.75;-61.53;1
TAVHL;1.2;1.19;0.72;30.23;65.92;0.21;43.84;10.22;47.23;43.92;49.8;31.52;-60.51;1
SELEC;1.45;1.12;0.21;3.37;63.64;2.39;10.2;9.33;8.28;4.29;3.9;24.99;24.32;0
PGSUS;1.28;1.26;0.88;51.07;74.63;0.64;124.61;7.68;24.48;32.95;12.09;29.32;78.22;1
ODAS;0.45;0.34;0.01;55.12;75.49;0.3;6.64;-5.91;18.77;24.29;-19.87;-22.81;8.7;0
NTHOL;1.15;1.09;0.71;19.86;39.2;0.13;17.32;1.11;30.99;29.93;8.28;1.81;0.91;0
MAVI;1;0.55;0.28;39.15;75.35;1.74;3.06;5.78;49.06;22.35;3.31;23.89;-43.56;1
KARSN;0.94;0.85;0.04;59.07;73.83;0.7;9.18;0.74;18.5;14.45;1.06;3.62;58.71;1
INDES;1.24;0.96;0.16;19.9;78.37;2.66;12.57;4.89;4.88;3.11;1.84;22.67;28.91;0
SAHOL;0.74;0.73;0.18;14.78;83.64;0.05;4.9;0.97;94.99;49.85;20.12;12.09;-7.33;1
GSDHO;4.81;4.8;3.15;15.13;27.3;0.06;28.73;8.15;118.06;79.65;140.53;11.68;4.15;1
GLYHO;0.86;0.8;0.31;61.06;78.49;0.22;11.17;-2.06;31.5;36.83;-9.44;-13.61;16.28;1
DOAS;0.81;0.51;0.21;52.26;73.15;2.08;7.45;1.6;12.9;6.05;0.77;5.95;-36.77;1
DOHOL;2.47;2.25;1.57;21.81;32.11;1.2;19.26;5.56;8.1;5.11;4.65;8.94;14.37;1
BIMAS;0.84;0.51;0.23;28.42;72.07;3.33;14.88;10.16;17.37;7.83;3.05;31.61;70.24;1
ASELS;1.8;1.23;0.45;8.71;47.06;0.58;2.4;14.81;25.91;21.93;25.67;28.27;56.25;0
ALGYO;1.21;1.9;1.54;0.52;1.19;0.03;0.52;29.03;95.27;84.76;75.73;29.33;6.39;1
TTKOM;0.88;0.86;0.36;52.08;76.34;0.62;49.11;6.32;48.01;46.88;10.17;28.49;78.79;1
TKFEN;1.39;1.17;0.62;6.6;56.59;1.18;8.66;11.5;16.45;13.12;9.73;29.01;40.26;1
SOKM;0.43;0.12;0.1;36.36;10.47;3.58;11.18;-6.66;23.3;9.16;-1.86;-25.81;-62.65;1
SNGYO;1.43;0.53;0.04;69.9;89.37;0.33;0.72;4.17;31.64;24.91;12.56;47.12;40.99;0
MGROS;0.7;0.35;0.31;52.01;97.77;1.83;6.91;-3.88;26.76;9.17;-2.12;-13.16;-23.77;1
LOGO;1.55;1.55;0.63;17.56;49.13;0.63;113.2;12.89;82.23;33.7;20.45;26.03;43.83;1
KCHOL;1.39;1.1;0.64;39.84;67.19;1.11;8.31;3.17;14.12;7;2.87;12.62;39.98;1
GOZDE;0.1;0.1;0.45;3.31;45.57;0.01;-0.23;75.01;-8.11;-25.64;28.54;-0.4;0.34;1
ENKAI;3.01;2.73;2.25;2.51;20.21;0.24;5.11;8.6;23.04;22.23;36.23;10.94;7.97;1
EKGYO;2.34;0.76;0.07;19.72;43.18;0.24;0.28;3.28;27.26;20.9;13.73;5.8;10.1;1
DEVA;1.85;1.21;0.41;37.73;51.36;0.73;1.62;15.1;52.34;32.41;20.82;32.19;55.59;1
ALARK;2.23;2.07;1.36;10.76;37.28;0.45;6.04;12.4;26.94;20.8;27.77;28.73;26.04;0
AKSEN;0.91;0.82;0.04;37.35;55.08;0.75;14.36;4.41;18.2;25.16;5.9;12.84;19.48;1
NIBAS;1.48;1.24;0.16;0;18.15;0.3;7.69;3.75;3.51;-11.62;12.54;4.65;-8.22;0
KONYA;3.58;2.57;1.08;0;19.09;0.72;3.53;0.14;12.33;5.34;0.19;0.17;-1.04;1
GOLTS;1.08;0.87;0.03;51.13;61.62;0.49;3.21;2.9;38;22.91;5.87;8.39;17.72;0
AKCNS;1.18;0.9;0.23;23.71;48.2;0.88;7.38;3.61;13.85;13.4;4.12;7.09;18.15;1
DOGUB;1.24;0.2;0.02;0.04;20.42;0.16;1.63;-11.91;-1.78;-54.08;-74.05;-19.06;-14.87;0
BTCIM;0.72;0.47;0.12;58.72;69.04;0.32;5.17;-7.52;3.82;0.28;-23.21;-23.72;-4.47;1
BSOKE;0.56;0.32;0.12;67.24;78.26;0.18;3.01;-15.17;-13.41;-18.1;-83.84;-51.31;-10.29;1
OTKAR;1.87;1.13;0.21;29.95;76.19;0.98;2.07;14.12;37.81;17.76;14.46;68.45;42.58;1
AFYON;0.22;0.19;0.02;67.92;73.52;0.25;12.1;-9.32;-4.04;9.7;-37.35;-30.17;1.83;1
ASUZU;1;0.7;0.16;31.7;64.22;0.89;3.14;1.37;18.19;9.91;1.53;3.88;26.21;1
FMIZP;6.59;5.92;4.81;1.17;14.39;1.76;15.44;48.3;28.14;25.22;27.47;54.64;96.7;1
DOKTA;1.08;0.61;0.12;77.06;94.07;0.83;4.82;7.03;21.73;15.95;8.48;91.76;21.15;1
DITAS;1.22;0.74;0.05;25.16;68.98;1.32;4.35;1.28;21.74;7.28;0.97;3.87;8.98;1
BFREN;2.65;2.17;0.8;10.37;38.05;1.99;12.59;25.79;15.68;15.3;12.95;39.28;42.91;1
KUYAS;1.48;0.93;0.09;58.29;71.64;0.08;0.46;-10.79;28.66;-48.52;-13.03;-33.49;-3.27;0
TMPOL;1.27;0.94;0.08;46.86;67.74;0.75;4.18;14.96;24.76;17.26;19.88;52.72;29.81;0
SEKUR;1.3;0.94;0.1;37.81;60.91;0.98;5.97;1.48;17.59;15.37;1.51;4.51;16.87;0
SANFM;0.99;0.72;0.13;41.78;78.88;1.13;6.01;4.38;18.67;9.97;3.88;20.08;46.87;0
POLHO;1.32;1.03;0.38;23;37.05;0.45;5.95;2.88;16.21;11.8;6.45;4.5;8.8;1
MRSHL;1.15;0.97;0.26;32.19;72.12;1.4;5.63;6.67;39.06;16.37;4.76;25.13;20.91;1
MEGAP;1.21;0.92;0.07;9.02;76.14;2.32;12.07;9.22;8.36;7.34;3.98;29.11;55.9;0
EPLAS;1.44;0.7;0.09;6.99;60.84;1.21;3.12;1.71;27.21;11.6;1.41;4.6;73.91;0
KONTR;1.13;1.06;0.17;16.97;75.9;1.44;11.77;21.3;21.13;14.8;14.82;10.69;16.51;0
NETAS;1.25;1.14;0.16;32.91;73.27;0.69;10.93;-7.68;12.05;2.2;-11.19;-22.02;-0.97;1
LINK;9.14;9.14;7;0;14.13;0.44;17.03;20.84;84.9;44.31;47.51;23.99;18.28;0
FONET;1.32;1.26;0.32;2.87;15.64;0.65;49.44;19.25;39.06;36.73;29.84;24.52;69.78;0
ESCOM;8.76;8.76;0.27;2;4.17;0.01;3;-21.24;89;-84.56;-12.1;-22.01;-8.4;0
DGATE;1.78;1.4;0.14;28.3;54.78;2.99;21.04;9.36;4.77;2.91;3.13;20.95;26.8;0
DESPC;2.06;1.48;0.04;25.31;48.43;2.07;7.35;9.22;8.83;5.2;4.44;16.05;14.21;0
ARENA;1.58;1.22;0.19;14.07;62.7;2.93;12.24;2.93;5.39;2.67;1;7.56;23.25;1
ARMDA;1.5;1.36;0.28;22.91;75.28;2.06;21.3;0.9;4.64;2.2;0.44;3.58;13.82;1
IZTAR;0.7;0.31;0.01;23.38;41.77;0.33;2.91;-5.16;16.32;1.4;-15.67;-11.19;4.66;0
SELVA;1.32;1.29;0.01;37.85;91.91;0.24;6.33;0.06;8.17;1.32;0.25;0.72;-0.04;0
ULUUN;1.33;0.95;0.19;29.79;78.66;2.64;12.8;2.33;5.24;3.57;0.88;10.45;40.43;0
PNSUT;1.23;0.9;0.03;9.85;42.01;1.13;8.94;2.36;12.2;4.97;2.08;4.13;5.18;1
KRSTL;3.45;2.7;0.38;7.75;27.49;0.95;5.44;0.43;7.29;3.77;0.45;0.67;3.17;0
ERSU;2.21;0.74;0.02;0;29.97;0.18;0.57;5.19;19.96;5.23;28.28;7.3;-2.06;0
BANVT;1.79;1.32;0.45;14.69;46.57;1.91;10.42;6.15;15.33;12.32;3.21;12.11;25.05;1
AVOD;1.07;0.53;0.05;28.35;65.81;0.79;2.02;6.05;18.55;10.58;7.71;27.74;52.08;0
VAKKO;1.09;0.28;0.05;37.35;71.13;1.34;1.55;8.79;52.29;23.07;6.55;28.33;57.09;1
MNDRS;0.88;0.32;0.04;65.41;88.17;1.02;3.24;-0.93;10.4;8.17;-0.91;-5.88;22.86;0
DESA;1.06;0.31;0.09;28.64;74.61;1.32;1.62;5.63;37.8;16.17;4.26;21.56;56.85;0
DERIM;1.55;1.49;0.04;25.35;76.68;0.92;22.11;-2.04;9.48;3.03;-2.22;-10.71;8.04;1
DAGI;1.37;0.66;0.28;41.62;51.15;0.72;1.59;2.87;47.65;19.31;3.99;5.35;12.77;0
ARSAN;1.23;0.87;0.41;26.1;38.95;0.5;4.4;10.15;13.42;8.53;20.34;17.58;12.9;0
YATAS;1.29;0.73;0.24;29.61;58.3;1.42;3.75;10.47;41.35;17.55;7.39;24.74;33.65;0
GENTS;3.04;1.54;0.53;7.61;27.12;1.04;2.63;2.86;18.61;7.73;2.75;4.65;8.84;0
PRZMA;3.66;2.31;0.05;10.47;14.85;0.22;0.89;2.09;28.71;24.2;9.49;2.4;8.86;0
HURGZ;1.97;1.87;0.1;3.35;27.02;0.4;18.8;-5.58;11.91;-19.22;-13.82;-7.63;-17.92;0
DURDO;1.56;0.97;0.31;51.85;74.02;0.99;4.06;4.01;27.93;15.81;4.07;15.22;26.03;1
ALKA;3.04;2.52;1.48;15.04;32.38;1.69;6.27;19.32;17.81;14.5;11.45;28.38;49;1
TUCLK;0.87;0.75;0;32.59;62.07;0.78;11.91;0.69;15.84;11.5;0.88;1.75;13.39;0
IZMDC;0.47;0.21;0.11;42.73;92.2;1.08;4.94;-13.79;1.33;2.24;-12.71;-13.14;8.51;1
DMSAS;1.76;1.26;0.36;37.26;58.89;1.23;6.42;5.27;12.71;9.9;4.29;13.21;16.48;0
CUSAN;1.54;0.92;0.14;3.03;47.01;1.12;4.07;3.6;15.59;5.75;3.22;7.57;8.54;0
CEMAS;1.11;0.96;0.01;30.19;63.17;0.43;5.93;-5.35;7.42;0.76;-12.55;-14.05;-5.16;0
CEMTS;7.8;5.14;2.95;5.23;14.82;1.27;3.92;10.37;12.91;8.41;8.15;12.55;9.09;0
BURVA;1.65;1.19;0.05;52.29;64.45;0.72;1.61;-0.94;41.81;22.94;-1.31;-2.62;22.77;0
BURCE;0.85;0.45;0.07;25.82;48.95;0.56;3.17;-2.4;22.75;8.95;-4.27;-5.41;7.53;0
BRSAN;1.03;0.61;0.33;37.19;58.34;0.67;3.63;0.96;10.99;7.31;1.44;2.33;5.44;1
PRKME;1.13;1.11;0.12;0.46;13.35;0.02;2.28;0.74;75.67;2.23;38.82;0.83;-55.87;1
ENJSA;0.79;0.77;0.06;38.77;70.79;0.84;100.81;4.44;27.47;18.23;5.31;15.74;-16.08;1
YAYLA;0.93;0.88;0.37;27.88;37.07;0.17;32.31;1.55;0.66;-6.42;9.05;2.54;0.21;0
AYEN;0.4;0.4;0.04;67.3;71.48;0.19;3.17;0.79;38.39;47.91;4.1;3.61;8.62;1
ORGE;3.34;3.19;0.48;15.17;37.07;0.56;11.88;17.95;42.86;39.43;32.19;28.06;32.44;0
YYAPI;1.2;1.1;0.02;3.4;48.78;0;0.15;-6.96;-19.07;-20.78;-29.32;-12.31;-4.97;0
SANKO;8.02;7.95;1.9;0;14.65;2.41;47.74;9.92;3.86;1.6;4.12;12.37;0.16;1
MIPAZ;4.8;2.92;2.51;0.01;13.07;0.17;0.19;34.99;10.99;7.31;1.44;41.84;28.81;1
MEPET;0.3;0.25;0.01;13.56;48.1;1.41;10.17;-0.63;5.72;6.84;-0.45;-1.22;8.54;0
