,mean_fit_time,std_fit_time,mean_score_time,std_score_time,param_C,param_degree,param_kernel,params,split0_test_AUC,split1_test_AUC,split2_test_AUC,split3_test_AUC,split4_test_AUC,mean_test_AUC,std_test_AUC,rank_test_AUC,split0_train_AUC,split1_train_AUC,split2_train_AUC,split3_train_AUC,split4_train_AUC,mean_train_AUC,std_train_AUC,split0_test_Accuracy,split1_test_Accuracy,split2_test_Accuracy,split3_test_Accuracy,split4_test_Accuracy,mean_test_Accuracy,std_test_Accuracy,rank_test_Accuracy,split0_train_Accuracy,split1_train_Accuracy,split2_train_Accuracy,split3_train_Accuracy,split4_train_Accuracy,mean_train_Accuracy,std_train_Accuracy,split0_test_Precision,split1_test_Precision,split2_test_Precision,split3_test_Precision,split4_test_Precision,mean_test_Precision,std_test_Precision,rank_test_Precision,split0_train_Precision,split1_train_Precision,split2_train_Precision,split3_train_Precision,split4_train_Precision,mean_train_Precision,std_train_Precision,split0_test_recall,split1_test_recall,split2_test_recall,split3_test_recall,split4_test_recall,mean_test_recall,std_test_recall,rank_test_recall,split0_train_recall,split1_train_recall,split2_train_recall,split3_train_recall,split4_train_recall,mean_train_recall,std_train_recall,split0_test_f1,split1_test_f1,split2_test_f1,split3_test_f1,split4_test_f1,mean_test_f1,std_test_f1,rank_test_f1,split0_train_f1,split1_train_f1,split2_train_f1,split3_train_f1,split4_train_f1,mean_train_f1,std_train_f1
0,0.008138084411621093,0.0016552381148875444,0.01258711814880371,0.0018469553858162435,0.1,3,rbf,"{'C': 0.1, 'degree': 3, 'kernel': 'rbf'}",0.6258064516129033,0.5598566308243728,0.5827956989247312,0.5648745519713262,0.5466666666666666,0.576,0.02746522365744662,3,0.5801264679313459,0.6267389340560072,0.6056007226738934,0.5869918699186992,0.6097670250896058,0.6018450039339103,0.016666625306506998,0.5921052631578947,0.5921052631578947,0.5921052631578947,0.5921052631578947,0.6,0.5936842105263158,0.003157894736842115,12,0.594059405940594,0.594059405940594,0.594059405940594,0.594059405940594,0.5921052631578947,0.5936685773840542,0.0007816571130797367,0.5921052631578947,0.5921052631578947,0.5921052631578947,0.5921052631578947,0.6,0.5936842105263158,0.003157894736842115,14,0.594059405940594,0.594059405940594,0.594059405940594,0.594059405940594,0.5921052631578947,0.5936685773840542,0.0007816571130797367,1.0,1.0,1.0,1.0,1.0,1.0,0.0,1,1.0,1.0,1.0,1.0,1.0,1.0,0.0,0.743801652892562,0.743801652892562,0.743801652892562,0.743801652892562,0.7499999999999999,0.7450413223140495,0.002479338842975176,12,0.7453416149068323,0.7453416149068323,0.7453416149068323,0.7453416149068323,0.743801652892562,0.7450336225039782,0.0006159848057081252
1,0.011788129806518555,0.008998831741398415,0.027983379364013673,0.03700487256262152,0.1,3,linear,"{'C': 0.1, 'degree': 3, 'kernel': 'linear'}",0.5118279569892473,0.5763440860215054,0.614336917562724,0.5089605734767025,0.5992592592592592,0.5621457586618878,0.043962407991746576,14,0.5075880758807588,0.6078590785907858,0.6122854561878953,0.5593495934959349,0.6082885304659498,0.579074146924265,0.04070469240998067,0.5921052631578947,0.5921052631578947,0.5921052631578947,0.5921052631578947,0.6,0.5936842105263158,0.003157894736842115,12,0.594059405940594,0.594059405940594,0.594059405940594,0.594059405940594,0.5921052631578947,0.5936685773840542,0.0007816571130797367,0.5921052631578947,0.5921052631578947,0.5921052631578947,0.5921052631578947,0.6,0.5936842105263158,0.003157894736842115,14,0.594059405940594,0.594059405940594,0.594059405940594,0.594059405940594,0.5921052631578947,0.5936685773840542,0.0007816571130797367,1.0,1.0,1.0,1.0,1.0,1.0,0.0,1,1.0,1.0,1.0,1.0,1.0,1.0,0.0,0.743801652892562,0.743801652892562,0.743801652892562,0.743801652892562,0.7499999999999999,0.7450413223140495,0.002479338842975176,12,0.7453416149068323,0.7453416149068323,0.7453416149068323,0.7453416149068323,0.743801652892562,0.7450336225039782,0.0006159848057081252
2,0.004996967315673828,0.0006327114752683428,0.008994483947753906,0.0006327876773922448,0.1,3,poly,"{'C': 0.1, 'degree': 3, 'kernel': 'poly'}",0.524731182795699,0.5913978494623656,0.5964157706093189,0.5182795698924731,0.45925925925925926,0.5380167264038233,0.05104663027125427,38,0.5211382113821138,0.5799909665763324,0.5353658536585365,0.4972448057813911,0.5681451612903227,0.5403769997377393,0.030318198767760682,0.5921052631578947,0.5921052631578947,0.5921052631578947,0.5921052631578947,0.6,0.5936842105263158,0.003157894736842115,12,0.594059405940594,0.594059405940594,0.594059405940594,0.594059405940594,0.5921052631578947,0.5936685773840542,0.0007816571130797367,0.5921052631578947,0.5921052631578947,0.5921052631578947,0.5921052631578947,0.6,0.5936842105263158,0.003157894736842115,14,0.594059405940594,0.594059405940594,0.594059405940594,0.594059405940594,0.5921052631578947,0.5936685773840542,0.0007816571130797367,1.0,1.0,1.0,1.0,1.0,1.0,0.0,1,1.0,1.0,1.0,1.0,1.0,1.0,0.0,0.743801652892562,0.743801652892562,0.743801652892562,0.743801652892562,0.7499999999999999,0.7450413223140495,0.002479338842975176,12,0.7453416149068323,0.7453416149068323,0.7453416149068323,0.7453416149068323,0.743801652892562,0.7450336225039782,0.0006159848057081252
3,0.006597471237182617,0.000802138670625914,0.008595037460327148,0.0013557916327691997,0.1,3,sigmoid,"{'C': 0.1, 'degree': 3, 'kernel': 'sigmoid'}",0.5913978494623655,0.4910394265232975,0.6064516129032258,0.5698924731182796,0.5377777777777778,0.5593118279569893,0.04120305393412965,18,0.5461607949412828,0.6047877145438121,0.5848690153568202,0.5313911472448059,0.5729390681003584,0.5680295480374159,0.026379721857446598,0.5921052631578947,0.5921052631578947,0.5921052631578947,0.5921052631578947,0.6,0.5936842105263158,0.003157894736842115,12,0.594059405940594,0.594059405940594,0.594059405940594,0.594059405940594,0.5921052631578947,0.5936685773840542,0.0007816571130797367,0.5921052631578947,0.5921052631578947,0.5921052631578947,0.5921052631578947,0.6,0.5936842105263158,0.003157894736842115,14,0.594059405940594,0.594059405940594,0.594059405940594,0.594059405940594,0.5921052631578947,0.5936685773840542,0.0007816571130797367,1.0,1.0,1.0,1.0,1.0,1.0,0.0,1,1.0,1.0,1.0,1.0,1.0,1.0,0.0,0.743801652892562,0.743801652892562,0.743801652892562,0.743801652892562,0.7499999999999999,0.7450413223140495,0.002479338842975176,12,0.7453416149068323,0.7453416149068323,0.7453416149068323,0.7453416149068323,0.743801652892562,0.7450336225039782,0.0006159848057081252
4,0.019587182998657228,0.013252614515758479,0.030780315399169922,0.014513848766420954,0.1,8,rbf,"{'C': 0.1, 'degree': 8, 'kernel': 'rbf'}",0.6258064516129033,0.5598566308243728,0.5827956989247312,0.5648745519713262,0.5466666666666666,0.576,0.02746522365744662,3,0.5801264679313459,0.6267389340560072,0.6056007226738934,0.5869918699186992,0.6097670250896058,0.6018450039339103,0.016666625306506998,0.5921052631578947,0.5921052631578947,0.5921052631578947,0.5921052631578947,0.6,0.5936842105263158,0.003157894736842115,12,0.594059405940594,0.594059405940594,0.594059405940594,0.594059405940594,0.5921052631578947,0.5936685773840542,0.0007816571130797367,0.5921052631578947,0.5921052631578947,0.5921052631578947,0.5921052631578947,0.6,0.5936842105263158,0.003157894736842115,14,0.594059405940594,0.594059405940594,0.594059405940594,0.594059405940594,0.5921052631578947,0.5936685773840542,0.0007816571130797367,1.0,1.0,1.0,1.0,1.0,1.0,0.0,1,1.0,1.0,1.0,1.0,1.0,1.0,0.0,0.743801652892562,0.743801652892562,0.743801652892562,0.743801652892562,0.7499999999999999,0.7450413223140495,0.002479338842975176,12,0.7453416149068323,0.7453416149068323,0.7453416149068323,0.7453416149068323,0.743801652892562,0.7450336225039782,0.0006159848057081252
5,0.012792253494262695,0.003968258663206773,0.02738361358642578,0.009944622078121178,0.1,8,linear,"{'C': 0.1, 'degree': 8, 'kernel': 'linear'}",0.5118279569892473,0.5763440860215054,0.614336917562724,0.5089605734767025,0.5992592592592592,0.5621457586618878,0.043962407991746576,14,0.5075880758807588,0.6078590785907858,0.6122854561878953,0.5593495934959349,0.6082885304659498,0.579074146924265,0.04070469240998067,0.5921052631578947,0.5921052631578947,0.5921052631578947,0.5921052631578947,0.6,0.5936842105263158,0.003157894736842115,12,0.594059405940594,0.594059405940594,0.594059405940594,0.594059405940594,0.5921052631578947,0.5936685773840542,0.0007816571130797367,0.5921052631578947,0.5921052631578947,0.5921052631578947,0.5921052631578947,0.6,0.5936842105263158,0.003157894736842115,14,0.594059405940594,0.594059405940594,0.594059405940594,0.594059405940594,0.5921052631578947,0.5936685773840542,0.0007816571130797367,1.0,1.0,1.0,1.0,1.0,1.0,0.0,1,1.0,1.0,1.0,1.0,1.0,1.0,0.0,0.743801652892562,0.743801652892562,0.743801652892562,0.743801652892562,0.7499999999999999,0.7450413223140495,0.002479338842975176,12,0.7453416149068323,0.7453416149068323,0.7453416149068323,0.7453416149068323,0.743801652892562,0.7450336225039782,0.0006159848057081252
6,0.017189645767211915,0.013278171171945389,0.01638932228088379,0.0007987262579879368,0.1,8,poly,"{'C': 0.1, 'degree': 8, 'kernel': 'poly'}",0.41935483870967744,0.5118279569892473,0.5433691756272402,0.4831541218637993,0.42962962962962964,0.47746714456391876,0.0473741549083341,60,0.48441734417344173,0.456323396567299,0.46928635953026193,0.4679313459801264,0.48525985663082444,0.47264366057639073,0.01093267053214662,0.5921052631578947,0.5921052631578947,0.5921052631578947,0.5921052631578947,0.6,0.5936842105263158,0.003157894736842115,12,0.594059405940594,0.594059405940594,0.594059405940594,0.594059405940594,0.5921052631578947,0.5936685773840542,0.0007816571130797367,0.5921052631578947,0.5921052631578947,0.5921052631578947,0.5921052631578947,0.6,0.5936842105263158,0.003157894736842115,14,0.594059405940594,0.594059405940594,0.594059405940594,0.594059405940594,0.5921052631578947,0.5936685773840542,0.0007816571130797367,1.0,1.0,1.0,1.0,1.0,1.0,0.0,1,1.0,1.0,1.0,1.0,1.0,1.0,0.0,0.743801652892562,0.743801652892562,0.743801652892562,0.743801652892562,0.7499999999999999,0.7450413223140495,0.002479338842975176,12,0.7453416149068323,0.7453416149068323,0.7453416149068323,0.7453416149068323,0.743801652892562,0.7450336225039782,0.0006159848057081252
7,0.012592363357543945,0.0023303226938869875,0.019588565826416014,0.005568623573358018,0.1,8,sigmoid,"{'C': 0.1, 'degree': 8, 'kernel': 'sigmoid'}",0.5913978494623655,0.4910394265232975,0.6064516129032258,0.5698924731182796,0.5377777777777778,0.5593118279569893,0.04120305393412965,18,0.5461607949412828,0.6047877145438121,0.5848690153568202,0.5313911472448059,0.5729390681003584,0.5680295480374159,0.026379721857446598,0.5921052631578947,0.5921052631578947,0.5921052631578947,0.5921052631578947,0.6,0.5936842105263158,0.003157894736842115,12,0.594059405940594,0.594059405940594,0.594059405940594,0.594059405940594,0.5921052631578947,0.5936685773840542,0.0007816571130797367,0.5921052631578947,0.5921052631578947,0.5921052631578947,0.5921052631578947,0.6,0.5936842105263158,0.003157894736842115,14,0.594059405940594,0.594059405940594,0.594059405940594,0.594059405940594,0.5921052631578947,0.5936685773840542,0.0007816571130797367,1.0,1.0,1.0,1.0,1.0,1.0,0.0,1,1.0,1.0,1.0,1.0,1.0,1.0,0.0,0.743801652892562,0.743801652892562,0.743801652892562,0.743801652892562,0.7499999999999999,0.7450413223140495,0.002479338842975176,12,0.7453416149068323,0.7453416149068323,0.7453416149068323,0.7453416149068323,0.743801652892562,0.7450336225039782,0.0006159848057081252
8,0.015191221237182617,0.007518528417832397,0.03277831077575684,0.02336460085189855,1,3,rbf,"{'C': 1, 'degree': 3, 'kernel': 'rbf'}",0.5827956989247312,0.5197132616487455,0.5863799283154122,0.5247311827956991,0.5348148148148149,0.5496869772998805,0.02893080236741553,28,0.5537037037037037,0.6190153568202348,0.6069557362240288,0.5840108401084011,0.6033602150537634,0.5934091703820263,0.0228169332564849,0.5921052631578947,0.5921052631578947,0.5921052631578947,0.5921052631578947,0.6,0.5936842105263158,0.003157894736842115,12,0.594059405940594,0.594059405940594,0.594059405940594,0.594059405940594,0.5921052631578947,0.5936685773840542,0.0007816571130797367,0.5921052631578947,0.5921052631578947,0.5921052631578947,0.5921052631578947,0.6,0.5936842105263158,0.003157894736842115,14,0.594059405940594,0.594059405940594,0.594059405940594,0.594059405940594,0.5921052631578947,0.5936685773840542,0.0007816571130797367,1.0,1.0,1.0,1.0,1.0,1.0,0.0,1,1.0,1.0,1.0,1.0,1.0,1.0,0.0,0.743801652892562,0.743801652892562,0.743801652892562,0.743801652892562,0.7499999999999999,0.7450413223140495,0.002479338842975176,12,0.7453416149068323,0.7453416149068323,0.7453416149068323,0.7453416149068323,0.743801652892562,0.7450336225039782,0.0006159848057081252
9,0.016389942169189452,0.005422987219937562,0.027983427047729492,0.010763244500407025,1,3,linear,"{'C': 1, 'degree': 3, 'kernel': 'linear'}",0.5885304659498207,0.5555555555555556,0.5992831541218638,0.5691756272401434,0.5111111111111112,0.5647311827956989,0.03078734126326705,12,0.5658536585365854,0.5795844625112917,0.6016711833785005,0.5747515808491418,0.614247311827957,0.5872216394206953,0.01794210538727469,0.5921052631578947,0.5921052631578947,0.5921052631578947,0.5921052631578947,0.6,0.5936842105263158,0.003157894736842115,12,0.594059405940594,0.594059405940594,0.594059405940594,0.594059405940594,0.5921052631578947,0.5936685773840542,0.0007816571130797367,0.5921052631578947,0.5921052631578947,0.5921052631578947,0.5921052631578947,0.6,0.5936842105263158,0.003157894736842115,14,0.594059405940594,0.594059405940594,0.594059405940594,0.594059405940594,0.5921052631578947,0.5936685773840542,0.0007816571130797367,1.0,1.0,1.0,1.0,1.0,1.0,0.0,1,1.0,1.0,1.0,1.0,1.0,1.0,0.0,0.743801652892562,0.743801652892562,0.743801652892562,0.743801652892562,0.7499999999999999,0.7450413223140495,0.002479338842975176,12,0.7453416149068323,0.7453416149068323,0.7453416149068323,0.7453416149068323,0.743801652892562,0.7450336225039782,0.0006159848057081252
10,0.012592077255249023,0.0037186535807356516,0.023187541961669923,0.011797402819254826,1,3,poly,"{'C': 1, 'degree': 3, 'kernel': 'poly'}",0.5476702508960574,0.6021505376344085,0.5182795698924731,0.5448028673835126,0.47851851851851845,0.538284348864994,0.040451506689582244,37,0.5330623306233062,0.5874435411020776,0.5271454381210479,0.5327009936766034,0.5631272401433692,0.5486959087332809,0.023127088862435564,0.5921052631578947,0.5921052631578947,0.5921052631578947,0.5921052631578947,0.6,0.5936842105263158,0.003157894736842115,12,0.594059405940594,0.594059405940594,0.594059405940594,0.594059405940594,0.5921052631578947,0.5936685773840542,0.0007816571130797367,0.5921052631578947,0.5921052631578947,0.5921052631578947,0.5921052631578947,0.6,0.5936842105263158,0.003157894736842115,14,0.594059405940594,0.594059405940594,0.594059405940594,0.594059405940594,0.5921052631578947,0.5936685773840542,0.0007816571130797367,1.0,1.0,1.0,1.0,1.0,1.0,0.0,1,1.0,1.0,1.0,1.0,1.0,1.0,0.0,0.743801652892562,0.743801652892562,0.743801652892562,0.743801652892562,0.7499999999999999,0.7450413223140495,0.002479338842975176,12,0.7453416149068323,0.7453416149068323,0.7453416149068323,0.7453416149068323,0.743801652892562,0.7450336225039782,0.0006159848057081252
11,0.011193370819091797,0.0019381546067326254,0.01618962287902832,0.00478746695437501,1,3,sigmoid,"{'C': 1, 'degree': 3, 'kernel': 'sigmoid'}",0.5906810035842294,0.47455197132616483,0.6093189964157706,0.5304659498207887,0.477037037037037,0.5364109916367981,0.05594275602511007,39,0.5009936766034326,0.574977416440831,0.5104787714543813,0.5136404697380307,0.5520609318996417,0.5304302532272634,0.028280051301521822,0.5921052631578947,0.5921052631578947,0.5921052631578947,0.5921052631578947,0.6,0.5936842105263158,0.003157894736842115,12,0.594059405940594,0.594059405940594,0.594059405940594,0.594059405940594,0.5921052631578947,0.5936685773840542,0.0007816571130797367,0.5921052631578947,0.5921052631578947,0.5921052631578947,0.5921052631578947,0.6,0.5936842105263158,0.003157894736842115,14,0.594059405940594,0.594059405940594,0.594059405940594,0.594059405940594,0.5921052631578947,0.5936685773840542,0.0007816571130797367,1.0,1.0,1.0,1.0,1.0,1.0,0.0,1,1.0,1.0,1.0,1.0,1.0,1.0,0.0,0.743801652892562,0.743801652892562,0.743801652892562,0.743801652892562,0.7499999999999999,0.7450413223140495,0.002479338842975176,12,0.7453416149068323,0.7453416149068323,0.7453416149068323,0.7453416149068323,0.743801652892562,0.7450336225039782,0.0006159848057081252
12,0.009393787384033203,0.001623880557555116,0.018189716339111327,0.0035974960436485114,1,8,rbf,"{'C': 1, 'degree': 8, 'kernel': 'rbf'}",0.5827956989247312,0.5197132616487455,0.5863799283154122,0.5247311827956991,0.5348148148148149,0.5496869772998805,0.02893080236741553,28,0.5537037037037037,0.6190153568202348,0.6069557362240288,0.5840108401084011,0.6033602150537634,0.5934091703820263,0.0228169332564849,0.5921052631578947,0.5921052631578947,0.5921052631578947,0.5921052631578947,0.6,0.5936842105263158,0.003157894736842115,12,0.594059405940594,0.594059405940594,0.594059405940594,0.594059405940594,0.5921052631578947,0.5936685773840542,0.0007816571130797367,0.5921052631578947,0.5921052631578947,0.5921052631578947,0.5921052631578947,0.6,0.5936842105263158,0.003157894736842115,14,0.594059405940594,0.594059405940594,0.594059405940594,0.594059405940594,0.5921052631578947,0.5936685773840542,0.0007816571130797367,1.0,1.0,1.0,1.0,1.0,1.0,0.0,1,1.0,1.0,1.0,1.0,1.0,1.0,0.0,0.743801652892562,0.743801652892562,0.743801652892562,0.743801652892562,0.7499999999999999,0.7450413223140495,0.002479338842975176,12,0.7453416149068323,0.7453416149068323,0.7453416149068323,0.7453416149068323,0.743801652892562,0.7450336225039782,0.0006159848057081252
13,0.00819554328918457,0.0014700157269164579,0.012590980529785157,0.0037716132691748634,1,8,linear,"{'C': 1, 'degree': 8, 'kernel': 'linear'}",0.5885304659498207,0.5555555555555556,0.5992831541218638,0.5691756272401434,0.5111111111111112,0.5647311827956989,0.03078734126326705,12,0.5658536585365854,0.5795844625112917,0.6016711833785005,0.5747515808491418,0.614247311827957,0.5872216394206953,0.01794210538727469,0.5921052631578947,0.5921052631578947,0.5921052631578947,0.5921052631578947,0.6,0.5936842105263158,0.003157894736842115,12,0.594059405940594,0.594059405940594,0.594059405940594,0.594059405940594,0.5921052631578947,0.5936685773840542,0.0007816571130797367,0.5921052631578947,0.5921052631578947,0.5921052631578947,0.5921052631578947,0.6,0.5936842105263158,0.003157894736842115,14,0.594059405940594,0.594059405940594,0.594059405940594,0.594059405940594,0.5921052631578947,0.5936685773840542,0.0007816571130797367,1.0,1.0,1.0,1.0,1.0,1.0,0.0,1,1.0,1.0,1.0,1.0,1.0,1.0,0.0,0.743801652892562,0.743801652892562,0.743801652892562,0.743801652892562,0.7499999999999999,0.7450413223140495,0.002479338842975176,12,0.7453416149068323,0.7453416149068323,0.7453416149068323,0.7453416149068323,0.743801652892562,0.7450336225039782,0.0006159848057081252
14,0.009194374084472656,0.0019380660287272354,0.013593006134033202,0.003071671407264846,1,8,poly,"{'C': 1, 'degree': 8, 'kernel': 'poly'}",0.41935483870967744,0.5118279569892473,0.5433691756272402,0.4831541218637993,0.42962962962962964,0.47746714456391876,0.0473741549083341,60,0.48441734417344173,0.456323396567299,0.46928635953026193,0.4679313459801264,0.48525985663082444,0.47264366057639073,0.01093267053214662,0.5921052631578947,0.5921052631578947,0.5921052631578947,0.5921052631578947,0.6,0.5936842105263158,0.003157894736842115,12,0.594059405940594,0.594059405940594,0.594059405940594,0.594059405940594,0.5921052631578947,0.5936685773840542,0.0007816571130797367,0.5921052631578947,0.5921052631578947,0.5921052631578947,0.5921052631578947,0.6,0.5936842105263158,0.003157894736842115,14,0.594059405940594,0.594059405940594,0.594059405940594,0.594059405940594,0.5921052631578947,0.5936685773840542,0.0007816571130797367,1.0,1.0,1.0,1.0,1.0,1.0,0.0,1,1.0,1.0,1.0,1.0,1.0,1.0,0.0,0.743801652892562,0.743801652892562,0.743801652892562,0.743801652892562,0.7499999999999999,0.7450413223140495,0.002479338842975176,12,0.7453416149068323,0.7453416149068323,0.7453416149068323,0.7453416149068323,0.743801652892562,0.7450336225039782,0.0006159848057081252
15,0.01359243392944336,0.004920410705988512,0.014589786529541016,0.004627148829715862,1,8,sigmoid,"{'C': 1, 'degree': 8, 'kernel': 'sigmoid'}",0.5906810035842294,0.47455197132616483,0.6093189964157706,0.5304659498207887,0.477037037037037,0.5364109916367981,0.05594275602511007,39,0.5009936766034326,0.574977416440831,0.5104787714543813,0.5136404697380307,0.5520609318996417,0.5304302532272634,0.028280051301521822,0.5921052631578947,0.5921052631578947,0.5921052631578947,0.5921052631578947,0.6,0.5936842105263158,0.003157894736842115,12,0.594059405940594,0.594059405940594,0.594059405940594,0.594059405940594,0.5921052631578947,0.5936685773840542,0.0007816571130797367,0.5921052631578947,0.5921052631578947,0.5921052631578947,0.5921052631578947,0.6,0.5936842105263158,0.003157894736842115,14,0.594059405940594,0.594059405940594,0.594059405940594,0.594059405940594,0.5921052631578947,0.5936685773840542,0.0007816571130797367,1.0,1.0,1.0,1.0,1.0,1.0,0.0,1,1.0,1.0,1.0,1.0,1.0,1.0,0.0,0.743801652892562,0.743801652892562,0.743801652892562,0.743801652892562,0.7499999999999999,0.7450413223140495,0.002479338842975176,12,0.7453416149068323,0.7453416149068323,0.7453416149068323,0.7453416149068323,0.743801652892562,0.7450336225039782,0.0006159848057081252
16,0.014991188049316406,0.004239916868419251,0.023184490203857423,0.005841833586958552,5,3,rbf,"{'C': 5, 'degree': 3, 'kernel': 'rbf'}",0.5835125448028674,0.5204301075268817,0.592831541218638,0.5189964157706093,0.5407407407407407,0.5513022700119474,0.031210532531114804,22,0.5515356820234869,0.6208220415537489,0.6089882565492322,0.5853658536585366,0.6048835125448029,0.5943190692659615,0.024247797224009143,0.5921052631578947,0.5921052631578947,0.5921052631578947,0.5921052631578947,0.6,0.5936842105263158,0.003157894736842115,12,0.594059405940594,0.594059405940594,0.594059405940594,0.594059405940594,0.5921052631578947,0.5936685773840542,0.0007816571130797367,0.5921052631578947,0.5921052631578947,0.5921052631578947,0.5921052631578947,0.6,0.5936842105263158,0.003157894736842115,14,0.594059405940594,0.594059405940594,0.594059405940594,0.594059405940594,0.5921052631578947,0.5936685773840542,0.0007816571130797367,1.0,1.0,1.0,1.0,1.0,1.0,0.0,1,1.0,1.0,1.0,1.0,1.0,1.0,0.0,0.743801652892562,0.743801652892562,0.743801652892562,0.743801652892562,0.7499999999999999,0.7450413223140495,0.002479338842975176,12,0.7453416149068323,0.7453416149068323,0.7453416149068323,0.7453416149068323,0.743801652892562,0.7450336225039782,0.0006159848057081252
17,0.022786760330200197,0.014110788410829894,0.02838139533996582,0.009019206844129478,5,3,linear,"{'C': 5, 'degree': 3, 'kernel': 'linear'}",0.5913978494623656,0.5225806451612903,0.5663082437275986,0.5448028673835126,0.5748148148148148,0.5599808841099163,0.023984398082951833,16,0.5755645889792231,0.602981029810298,0.5704155374887082,0.5547425474254742,0.5039874551971326,0.5615382317801674,0.03271490171968608,0.5921052631578947,0.5921052631578947,0.5921052631578947,0.5921052631578947,0.6,0.5936842105263158,0.003157894736842115,12,0.594059405940594,0.594059405940594,0.594059405940594,0.594059405940594,0.5921052631578947,0.5936685773840542,0.0007816571130797367,0.5921052631578947,0.5921052631578947,0.5921052631578947,0.5921052631578947,0.6,0.5936842105263158,0.003157894736842115,14,0.594059405940594,0.594059405940594,0.594059405940594,0.594059405940594,0.5921052631578947,0.5936685773840542,0.0007816571130797367,1.0,1.0,1.0,1.0,1.0,1.0,0.0,1,1.0,1.0,1.0,1.0,1.0,1.0,0.0,0.743801652892562,0.743801652892562,0.743801652892562,0.743801652892562,0.7499999999999999,0.7450413223140495,0.002479338842975176,12,0.7453416149068323,0.7453416149068323,0.7453416149068323,0.7453416149068323,0.743801652892562,0.7450336225039782,0.0006159848057081252
18,0.020188093185424805,0.011643974641766525,0.023785114288330078,0.009080912745830826,5,3,poly,"{'C': 5, 'degree': 3, 'kernel': 'poly'}",0.5455197132616487,0.6014336917562724,0.5448028673835126,0.5455197132616487,0.46518518518518515,0.5404922341696535,0.04348366481858701,36,0.5327009936766034,0.5722222222222222,0.551806684733514,0.5266034327009936,0.5584229390681004,0.5483512544802868,0.016739775058076774,0.5921052631578947,0.5921052631578947,0.5921052631578947,0.5921052631578947,0.6,0.5936842105263158,0.003157894736842115,12,0.594059405940594,0.594059405940594,0.594059405940594,0.594059405940594,0.5921052631578947,0.5936685773840542,0.0007816571130797367,0.5921052631578947,0.5921052631578947,0.5921052631578947,0.5921052631578947,0.6,0.5936842105263158,0.003157894736842115,14,0.594059405940594,0.594059405940594,0.594059405940594,0.594059405940594,0.5921052631578947,0.5936685773840542,0.0007816571130797367,1.0,1.0,1.0,1.0,1.0,1.0,0.0,1,1.0,1.0,1.0,1.0,1.0,1.0,0.0,0.743801652892562,0.743801652892562,0.743801652892562,0.743801652892562,0.7499999999999999,0.7450413223140495,0.002479338842975176,12,0.7453416149068323,0.7453416149068323,0.7453416149068323,0.7453416149068323,0.743801652892562,0.7450336225039782,0.0006159848057081252
19,0.017190027236938476,0.0029243233998810744,0.022385358810424805,0.002058171342715604,5,3,sigmoid,"{'C': 5, 'degree': 3, 'kernel': 'sigmoid'}",0.592831541218638,0.44587813620071687,0.6086021505376344,0.5383512544802868,0.4903703703703703,0.5352066905615293,0.06116746107706947,41,0.5077235772357724,0.5631436314363143,0.5163504968383017,0.5347335140018067,0.5547491039426524,0.5353400646909695,0.02132318502836228,0.5921052631578947,0.5921052631578947,0.5921052631578947,0.5921052631578947,0.6,0.5936842105263158,0.003157894736842115,12,0.594059405940594,0.594059405940594,0.594059405940594,0.594059405940594,0.5921052631578947,0.5936685773840542,0.0007816571130797367,0.5921052631578947,0.5921052631578947,0.5921052631578947,0.5921052631578947,0.6,0.5936842105263158,0.003157894736842115,14,0.594059405940594,0.594059405940594,0.594059405940594,0.594059405940594,0.5921052631578947,0.5936685773840542,0.0007816571130797367,1.0,1.0,1.0,1.0,1.0,1.0,0.0,1,1.0,1.0,1.0,1.0,1.0,1.0,0.0,0.743801652892562,0.743801652892562,0.743801652892562,0.743801652892562,0.7499999999999999,0.7450413223140495,0.002479338842975176,12,0.7453416149068323,0.7453416149068323,0.7453416149068323,0.7453416149068323,0.743801652892562,0.7450336225039782,0.0006159848057081252
20,0.015990591049194335,0.002606285137867782,0.031580543518066405,0.006647650567407133,5,8,rbf,"{'C': 5, 'degree': 8, 'kernel': 'rbf'}",0.5835125448028674,0.5204301075268817,0.592831541218638,0.5189964157706093,0.5407407407407407,0.5513022700119474,0.031210532531114804,22,0.5515356820234869,0.6208220415537489,0.6089882565492322,0.5853658536585366,0.6048835125448029,0.5943190692659615,0.024247797224009143,0.5921052631578947,0.5921052631578947,0.5921052631578947,0.5921052631578947,0.6,0.5936842105263158,0.003157894736842115,12,0.594059405940594,0.594059405940594,0.594059405940594,0.594059405940594,0.5921052631578947,0.5936685773840542,0.0007816571130797367,0.5921052631578947,0.5921052631578947,0.5921052631578947,0.5921052631578947,0.6,0.5936842105263158,0.003157894736842115,14,0.594059405940594,0.594059405940594,0.594059405940594,0.594059405940594,0.5921052631578947,0.5936685773840542,0.0007816571130797367,1.0,1.0,1.0,1.0,1.0,1.0,0.0,1,1.0,1.0,1.0,1.0,1.0,1.0,0.0,0.743801652892562,0.743801652892562,0.743801652892562,0.743801652892562,0.7499999999999999,0.7450413223140495,0.002479338842975176,12,0.7453416149068323,0.7453416149068323,0.7453416149068323,0.7453416149068323,0.743801652892562,0.7450336225039782,0.0006159848057081252
21,0.008595085144042969,0.0010197302333703358,0.016789817810058595,0.001164895587277732,5,8,linear,"{'C': 5, 'degree': 8, 'kernel': 'linear'}",0.5913978494623656,0.5225806451612903,0.5663082437275986,0.5448028673835126,0.5748148148148148,0.5599808841099163,0.023984398082951833,16,0.5755645889792231,0.602981029810298,0.5704155374887082,0.5547425474254742,0.5039874551971326,0.5615382317801674,0.03271490171968608,0.5921052631578947,0.5921052631578947,0.5921052631578947,0.5921052631578947,0.6,0.5936842105263158,0.003157894736842115,12,0.594059405940594,0.594059405940594,0.594059405940594,0.594059405940594,0.5921052631578947,0.5936685773840542,0.0007816571130797367,0.5921052631578947,0.5921052631578947,0.5921052631578947,0.5921052631578947,0.6,0.5936842105263158,0.003157894736842115,14,0.594059405940594,0.594059405940594,0.594059405940594,0.594059405940594,0.5921052631578947,0.5936685773840542,0.0007816571130797367,1.0,1.0,1.0,1.0,1.0,1.0,0.0,1,1.0,1.0,1.0,1.0,1.0,1.0,0.0,0.743801652892562,0.743801652892562,0.743801652892562,0.743801652892562,0.7499999999999999,0.7450413223140495,0.002479338842975176,12,0.7453416149068323,0.7453416149068323,0.7453416149068323,0.7453416149068323,0.743801652892562,0.7450336225039782,0.0006159848057081252
22,0.010794305801391601,0.002785295421496631,0.017188549041748047,0.0011642187557274176,5,8,poly,"{'C': 5, 'degree': 8, 'kernel': 'poly'}",0.41935483870967744,0.5118279569892473,0.5433691756272402,0.4831541218637993,0.42962962962962964,0.47746714456391876,0.0473741549083341,60,0.48441734417344173,0.456323396567299,0.46928635953026193,0.4679313459801264,0.48525985663082444,0.47264366057639073,0.01093267053214662,0.5921052631578947,0.5921052631578947,0.5921052631578947,0.5921052631578947,0.6,0.5936842105263158,0.003157894736842115,12,0.594059405940594,0.594059405940594,0.594059405940594,0.594059405940594,0.5921052631578947,0.5936685773840542,0.0007816571130797367,0.5921052631578947,0.5921052631578947,0.5921052631578947,0.5921052631578947,0.6,0.5936842105263158,0.003157894736842115,14,0.594059405940594,0.594059405940594,0.594059405940594,0.594059405940594,0.5921052631578947,0.5936685773840542,0.0007816571130797367,1.0,1.0,1.0,1.0,1.0,1.0,0.0,1,1.0,1.0,1.0,1.0,1.0,1.0,0.0,0.743801652892562,0.743801652892562,0.743801652892562,0.743801652892562,0.7499999999999999,0.7450413223140495,0.002479338842975176,12,0.7453416149068323,0.7453416149068323,0.7453416149068323,0.7453416149068323,0.743801652892562,0.7450336225039782,0.0006159848057081252
23,0.013192462921142577,0.0013253175586920316,0.015790271759033202,0.0007491064010798202,5,8,sigmoid,"{'C': 5, 'degree': 8, 'kernel': 'sigmoid'}",0.592831541218638,0.44587813620071687,0.6086021505376344,0.5383512544802868,0.4903703703703703,0.5352066905615293,0.06116746107706947,41,0.5077235772357724,0.5631436314363143,0.5163504968383017,0.5347335140018067,0.5547491039426524,0.5353400646909695,0.02132318502836228,0.5921052631578947,0.5921052631578947,0.5921052631578947,0.5921052631578947,0.6,0.5936842105263158,0.003157894736842115,12,0.594059405940594,0.594059405940594,0.594059405940594,0.594059405940594,0.5921052631578947,0.5936685773840542,0.0007816571130797367,0.5921052631578947,0.5921052631578947,0.5921052631578947,0.5921052631578947,0.6,0.5936842105263158,0.003157894736842115,14,0.594059405940594,0.594059405940594,0.594059405940594,0.594059405940594,0.5921052631578947,0.5936685773840542,0.0007816571130797367,1.0,1.0,1.0,1.0,1.0,1.0,0.0,1,1.0,1.0,1.0,1.0,1.0,1.0,0.0,0.743801652892562,0.743801652892562,0.743801652892562,0.743801652892562,0.7499999999999999,0.7450413223140495,0.002479338842975176,12,0.7453416149068323,0.7453416149068323,0.7453416149068323,0.7453416149068323,0.743801652892562,0.7450336225039782,0.0006159848057081252
24,0.010993289947509765,0.001547942699690426,0.0189877986907959,0.003685210199741621,10,3,rbf,"{'C': 10, 'degree': 3, 'kernel': 'rbf'}",0.5856630824372759,0.5189964157706093,0.592831541218638,0.5168458781362006,0.5414814814814815,0.5511636798088411,0.032349988587272276,26,0.5523486901535681,0.6193766937669376,0.608762420957543,0.5849593495934959,0.6060483870967743,0.5942991083136638,0.023762099795607002,0.5921052631578947,0.5921052631578947,0.5921052631578947,0.5921052631578947,0.6,0.5936842105263158,0.003157894736842115,12,0.5973597359735974,0.594059405940594,0.594059405940594,0.5973597359735974,0.5921052631578947,0.5949887093972555,0.002063250159134797,0.5921052631578947,0.5921052631578947,0.5921052631578947,0.5921052631578947,0.6,0.5936842105263158,0.003157894736842115,14,0.5960264900662252,0.594059405940594,0.594059405940594,0.5960264900662252,0.5921052631578947,0.5944554110343067,0.0014678837664178085,1.0,1.0,1.0,1.0,1.0,1.0,0.0,1,1.0,1.0,1.0,1.0,1.0,1.0,0.0,0.743801652892562,0.743801652892562,0.743801652892562,0.743801652892562,0.7499999999999999,0.7450413223140495,0.002479338842975176,12,0.7468879668049794,0.7453416149068323,0.7453416149068323,0.7468879668049794,0.743801652892562,0.745652163263237,0.001155135488405865
25,0.03177833557128906,0.05357097981325625,0.02178668975830078,0.02908559681391472,10,3,linear,"{'C': 10, 'degree': 3, 'kernel': 'linear'}",0.5949820788530467,0.5469534050179212,0.589247311827957,0.5691756272401434,0.5592592592592592,0.5719235364396655,0.018018057368228292,9,0.5715447154471545,0.6154471544715446,0.5989611562782294,0.580397470641373,0.5226702508960573,0.5778041495468719,0.03146511517085493,0.5921052631578947,0.5921052631578947,0.5921052631578947,0.5921052631578947,0.6,0.5936842105263158,0.003157894736842115,12,0.594059405940594,0.594059405940594,0.594059405940594,0.594059405940594,0.5921052631578947,0.5936685773840542,0.0007816571130797367,0.5921052631578947,0.5921052631578947,0.5921052631578947,0.5921052631578947,0.6,0.5936842105263158,0.003157894736842115,14,0.594059405940594,0.594059405940594,0.594059405940594,0.594059405940594,0.5921052631578947,0.5936685773840542,0.0007816571130797367,1.0,1.0,1.0,1.0,1.0,1.0,0.0,1,1.0,1.0,1.0,1.0,1.0,1.0,0.0,0.743801652892562,0.743801652892562,0.743801652892562,0.743801652892562,0.7499999999999999,0.7450413223140495,0.002479338842975176,12,0.7453416149068323,0.7453416149068323,0.7453416149068323,0.7453416149068323,0.743801652892562,0.7450336225039782,0.0006159848057081252
26,0.04317507743835449,0.04331234958641098,0.03497719764709473,0.021342471005760963,10,3,poly,"{'C': 10, 'degree': 3, 'kernel': 'poly'}",0.5433691756272401,0.6014336917562724,0.5440860215053763,0.5455197132616487,0.47333333333333333,0.5415483870967741,0.04065727380157763,33,0.5315266485998194,0.5722222222222222,0.555736224028907,0.5266034327009936,0.5606182795698925,0.549341361424367,0.017469827343697262,0.5921052631578947,0.5921052631578947,0.5921052631578947,0.5921052631578947,0.6,0.5936842105263158,0.003157894736842115,12,0.594059405940594,0.594059405940594,0.594059405940594,0.594059405940594,0.5921052631578947,0.5936685773840542,0.0007816571130797367,0.5921052631578947,0.5921052631578947,0.5921052631578947,0.5921052631578947,0.6,0.5936842105263158,0.003157894736842115,14,0.594059405940594,0.594059405940594,0.594059405940594,0.594059405940594,0.5921052631578947,0.5936685773840542,0.0007816571130797367,1.0,1.0,1.0,1.0,1.0,1.0,0.0,1,1.0,1.0,1.0,1.0,1.0,1.0,0.0,0.743801652892562,0.743801652892562,0.743801652892562,0.743801652892562,0.7499999999999999,0.7450413223140495,0.002479338842975176,12,0.7453416149068323,0.7453416149068323,0.7453416149068323,0.7453416149068323,0.743801652892562,0.7450336225039782,0.0006159848057081252
27,0.01738896369934082,0.004838487096972409,0.021187305450439453,0.0035418658556788047,10,3,sigmoid,"{'C': 10, 'degree': 3, 'kernel': 'sigmoid'}",0.5906810035842294,0.4451612903225806,0.6093189964157706,0.5369175627240144,0.48444444444444446,0.5333046594982079,0.062032010272349294,49,0.5055555555555555,0.562059620596206,0.5148599819331526,0.5326106594399277,0.5521953405017921,0.5334562316053267,0.02142097701874565,0.5921052631578947,0.5921052631578947,0.5921052631578947,0.5921052631578947,0.6,0.5936842105263158,0.003157894736842115,12,0.594059405940594,0.594059405940594,0.594059405940594,0.594059405940594,0.5921052631578947,0.5936685773840542,0.0007816571130797367,0.5921052631578947,0.5921052631578947,0.5921052631578947,0.5921052631578947,0.6,0.5936842105263158,0.003157894736842115,14,0.594059405940594,0.594059405940594,0.594059405940594,0.594059405940594,0.5921052631578947,0.5936685773840542,0.0007816571130797367,1.0,1.0,1.0,1.0,1.0,1.0,0.0,1,1.0,1.0,1.0,1.0,1.0,1.0,0.0,0.743801652892562,0.743801652892562,0.743801652892562,0.743801652892562,0.7499999999999999,0.7450413223140495,0.002479338842975176,12,0.7453416149068323,0.7453416149068323,0.7453416149068323,0.7453416149068323,0.743801652892562,0.7450336225039782,0.0006159848057081252
28,0.027182912826538085,0.009614445559271961,0.04837069511413574,0.01004500995900077,10,8,rbf,"{'C': 10, 'degree': 8, 'kernel': 'rbf'}",0.5856630824372759,0.5189964157706093,0.592831541218638,0.5168458781362006,0.5414814814814815,0.5511636798088411,0.032349988587272276,26,0.5523486901535681,0.6193766937669376,0.608762420957543,0.5849593495934959,0.6060483870967743,0.5942991083136638,0.023762099795607002,0.5921052631578947,0.5921052631578947,0.5921052631578947,0.5921052631578947,0.6,0.5936842105263158,0.003157894736842115,12,0.5973597359735974,0.594059405940594,0.594059405940594,0.5973597359735974,0.5921052631578947,0.5949887093972555,0.002063250159134797,0.5921052631578947,0.5921052631578947,0.5921052631578947,0.5921052631578947,0.6,0.5936842105263158,0.003157894736842115,14,0.5960264900662252,0.594059405940594,0.594059405940594,0.5960264900662252,0.5921052631578947,0.5944554110343067,0.0014678837664178085,1.0,1.0,1.0,1.0,1.0,1.0,0.0,1,1.0,1.0,1.0,1.0,1.0,1.0,0.0,0.743801652892562,0.743801652892562,0.743801652892562,0.743801652892562,0.7499999999999999,0.7450413223140495,0.002479338842975176,12,0.7468879668049794,0.7453416149068323,0.7453416149068323,0.7468879668049794,0.743801652892562,0.745652163263237,0.001155135488405865
29,0.028582239151000978,0.024880659211874902,0.04797177314758301,0.019079972085571023,10,8,linear,"{'C': 10, 'degree': 8, 'kernel': 'linear'}",0.5949820788530467,0.5469534050179212,0.589247311827957,0.5691756272401434,0.5592592592592592,0.5719235364396655,0.018018057368228292,9,0.5715447154471545,0.6154471544715446,0.5989611562782294,0.580397470641373,0.5226702508960573,0.5778041495468719,0.03146511517085493,0.5921052631578947,0.5921052631578947,0.5921052631578947,0.5921052631578947,0.6,0.5936842105263158,0.003157894736842115,12,0.594059405940594,0.594059405940594,0.594059405940594,0.594059405940594,0.5921052631578947,0.5936685773840542,0.0007816571130797367,0.5921052631578947,0.5921052631578947,0.5921052631578947,0.5921052631578947,0.6,0.5936842105263158,0.003157894736842115,14,0.594059405940594,0.594059405940594,0.594059405940594,0.594059405940594,0.5921052631578947,0.5936685773840542,0.0007816571130797367,1.0,1.0,1.0,1.0,1.0,1.0,0.0,1,1.0,1.0,1.0,1.0,1.0,1.0,0.0,0.743801652892562,0.743801652892562,0.743801652892562,0.743801652892562,0.7499999999999999,0.7450413223140495,0.002479338842975176,12,0.7453416149068323,0.7453416149068323,0.7453416149068323,0.7453416149068323,0.743801652892562,0.7450336225039782,0.0006159848057081252
30,0.02858271598815918,0.011457901817353906,0.03197975158691406,0.017240352977672155,10,8,poly,"{'C': 10, 'degree': 8, 'kernel': 'poly'}",0.41935483870967744,0.5118279569892473,0.5433691756272402,0.4831541218637993,0.42962962962962964,0.47746714456391876,0.0473741549083341,60,0.48441734417344173,0.456323396567299,0.46928635953026193,0.4679313459801264,0.48525985663082444,0.47264366057639073,0.01093267053214662,0.5921052631578947,0.5921052631578947,0.5921052631578947,0.5921052631578947,0.6,0.5936842105263158,0.003157894736842115,12,0.594059405940594,0.594059405940594,0.594059405940594,0.594059405940594,0.5921052631578947,0.5936685773840542,0.0007816571130797367,0.5921052631578947,0.5921052631578947,0.5921052631578947,0.5921052631578947,0.6,0.5936842105263158,0.003157894736842115,14,0.594059405940594,0.594059405940594,0.594059405940594,0.594059405940594,0.5921052631578947,0.5936685773840542,0.0007816571130797367,1.0,1.0,1.0,1.0,1.0,1.0,0.0,1,1.0,1.0,1.0,1.0,1.0,1.0,0.0,0.743801652892562,0.743801652892562,0.743801652892562,0.743801652892562,0.7499999999999999,0.7450413223140495,0.002479338842975176,12,0.7453416149068323,0.7453416149068323,0.7453416149068323,0.7453416149068323,0.743801652892562,0.7450336225039782,0.0006159848057081252
31,0.02538433074951172,0.012822507688581817,0.02178611755371094,0.00563286938695394,10,8,sigmoid,"{'C': 10, 'degree': 8, 'kernel': 'sigmoid'}",0.5906810035842294,0.4451612903225806,0.6093189964157706,0.5369175627240144,0.48444444444444446,0.5333046594982079,0.062032010272349294,49,0.5055555555555555,0.562059620596206,0.5148599819331526,0.5326106594399277,0.5521953405017921,0.5334562316053267,0.02142097701874565,0.5921052631578947,0.5921052631578947,0.5921052631578947,0.5921052631578947,0.6,0.5936842105263158,0.003157894736842115,12,0.594059405940594,0.594059405940594,0.594059405940594,0.594059405940594,0.5921052631578947,0.5936685773840542,0.0007816571130797367,0.5921052631578947,0.5921052631578947,0.5921052631578947,0.5921052631578947,0.6,0.5936842105263158,0.003157894736842115,14,0.594059405940594,0.594059405940594,0.594059405940594,0.594059405940594,0.5921052631578947,0.5936685773840542,0.0007816571130797367,1.0,1.0,1.0,1.0,1.0,1.0,0.0,1,1.0,1.0,1.0,1.0,1.0,1.0,0.0,0.743801652892562,0.743801652892562,0.743801652892562,0.743801652892562,0.7499999999999999,0.7450413223140495,0.002479338842975176,12,0.7453416149068323,0.7453416149068323,0.7453416149068323,0.7453416149068323,0.743801652892562,0.7450336225039782,0.0006159848057081252
32,0.020388126373291016,0.005460163571870426,0.027382612228393555,0.0018541831444133456,15,3,rbf,"{'C': 15, 'degree': 3, 'kernel': 'rbf'}",0.5849462365591398,0.5189964157706093,0.592831541218638,0.5161290322580645,0.5429629629629629,0.5511732377538829,0.032270365723928066,24,0.5518518518518518,0.6196025293586269,0.6088075880758808,0.5849593495934958,0.6061379928315414,0.5942718623422794,0.023999646874852103,0.5921052631578947,0.5921052631578947,0.5921052631578947,0.6052631578947368,0.6,0.5963157894736841,0.005418752705782649,10,0.6039603960396039,0.594059405940594,0.5973597359735974,0.6006600660066007,0.6019736842105263,0.5996026576341844,0.003506796270554286,0.5921052631578947,0.5921052631578947,0.5921052631578947,0.6,0.6,0.5952631578947368,0.0038676153833418726,12,0.6,0.594059405940594,0.5960264900662252,0.5980066445182725,0.5980066445182725,0.5972198370086728,0.0020189026640131326,1.0,1.0,1.0,1.0,1.0,1.0,0.0,1,1.0,1.0,1.0,1.0,1.0,1.0,0.0,0.743801652892562,0.743801652892562,0.743801652892562,0.7499999999999999,0.7499999999999999,0.7462809917355372,0.0030365575323758032,10,0.7499999999999999,0.7453416149068323,0.7468879668049794,0.7484407484407485,0.7484407484407485,0.7478222157186617,0.0015832947453328667
33,0.00839548110961914,0.0010195805374787201,0.01618962287902832,0.0011648226607949245,15,3,linear,"{'C': 15, 'degree': 3, 'kernel': 'linear'}",0.5784946236559141,0.578494623655914,0.6000000000000001,0.5483870967741935,0.5614814814814816,0.5733715651135006,0.017476628674528615,7,0.5586720867208672,0.6126016260162601,0.6015808491418247,0.5570912375790424,0.6254480286738351,0.591078765626366,0.028142915344385958,0.5921052631578947,0.5921052631578947,0.5921052631578947,0.5921052631578947,0.6,0.5936842105263158,0.003157894736842115,12,0.594059405940594,0.594059405940594,0.594059405940594,0.594059405940594,0.5921052631578947,0.5936685773840542,0.0007816571130797367,0.5921052631578947,0.5921052631578947,0.5921052631578947,0.5921052631578947,0.6,0.5936842105263158,0.003157894736842115,14,0.594059405940594,0.594059405940594,0.594059405940594,0.594059405940594,0.5921052631578947,0.5936685773840542,0.0007816571130797367,1.0,1.0,1.0,1.0,1.0,1.0,0.0,1,1.0,1.0,1.0,1.0,1.0,1.0,0.0,0.743801652892562,0.743801652892562,0.743801652892562,0.743801652892562,0.7499999999999999,0.7450413223140495,0.002479338842975176,12,0.7453416149068323,0.7453416149068323,0.7453416149068323,0.7453416149068323,0.743801652892562,0.7450336225039782,0.0006159848057081252
34,0.013793468475341797,0.003812603703837333,0.021785259246826172,0.006270266119711822,15,3,poly,"{'C': 15, 'degree': 3, 'kernel': 'poly'}",0.5419354838709678,0.6007168458781361,0.5433691756272401,0.5469534050179212,0.47333333333333333,0.5412616487455197,0.04046348554836481,34,0.5308943089430894,0.5631887985546522,0.5555555555555556,0.5263775971093044,0.5606182795698925,0.5473269079464989,0.01552336760712995,0.5921052631578947,0.5921052631578947,0.5921052631578947,0.5921052631578947,0.6,0.5936842105263158,0.003157894736842115,12,0.594059405940594,0.594059405940594,0.594059405940594,0.594059405940594,0.5921052631578947,0.5936685773840542,0.0007816571130797367,0.5921052631578947,0.5921052631578947,0.5921052631578947,0.5921052631578947,0.6,0.5936842105263158,0.003157894736842115,14,0.594059405940594,0.594059405940594,0.594059405940594,0.594059405940594,0.5921052631578947,0.5936685773840542,0.0007816571130797367,1.0,1.0,1.0,1.0,1.0,1.0,0.0,1,1.0,1.0,1.0,1.0,1.0,1.0,0.0,0.743801652892562,0.743801652892562,0.743801652892562,0.743801652892562,0.7499999999999999,0.7450413223140495,0.002479338842975176,12,0.7453416149068323,0.7453416149068323,0.7453416149068323,0.7453416149068323,0.743801652892562,0.7450336225039782,0.0006159848057081252
35,0.016790008544921874,0.0007491823122569637,0.02718195915222168,0.003122124455462647,15,3,sigmoid,"{'C': 15, 'degree': 3, 'kernel': 'sigmoid'}",0.5942652329749104,0.44301075268817197,0.6093189964157706,0.5369175627240144,0.4837037037037037,0.5334432497013142,0.06343590843027322,47,0.503929539295393,0.5619241192411923,0.5143631436314363,0.5303071364046974,0.5521505376344086,0.5325348952414256,0.021917763428812027,0.5921052631578947,0.5921052631578947,0.5921052631578947,0.5921052631578947,0.6,0.5936842105263158,0.003157894736842115,12,0.594059405940594,0.594059405940594,0.594059405940594,0.594059405940594,0.5921052631578947,0.5936685773840542,0.0007816571130797367,0.5921052631578947,0.5921052631578947,0.5921052631578947,0.5921052631578947,0.6,0.5936842105263158,0.003157894736842115,14,0.594059405940594,0.594059405940594,0.594059405940594,0.594059405940594,0.5921052631578947,0.5936685773840542,0.0007816571130797367,1.0,1.0,1.0,1.0,1.0,1.0,0.0,1,1.0,1.0,1.0,1.0,1.0,1.0,0.0,0.743801652892562,0.743801652892562,0.743801652892562,0.743801652892562,0.7499999999999999,0.7450413223140495,0.002479338842975176,12,0.7453416149068323,0.7453416149068323,0.7453416149068323,0.7453416149068323,0.743801652892562,0.7450336225039782,0.0006159848057081252
36,0.012792396545410156,0.0021342114578283664,0.024184179306030274,0.0013255476886738632,15,8,rbf,"{'C': 15, 'degree': 8, 'kernel': 'rbf'}",0.5849462365591398,0.5189964157706093,0.592831541218638,0.5161290322580645,0.5429629629629629,0.5511732377538829,0.032270365723928066,24,0.5518518518518518,0.6196025293586269,0.6088075880758808,0.5849593495934958,0.6061379928315414,0.5942718623422794,0.023999646874852103,0.5921052631578947,0.5921052631578947,0.5921052631578947,0.6052631578947368,0.6,0.5963157894736841,0.005418752705782649,10,0.6039603960396039,0.594059405940594,0.5973597359735974,0.6006600660066007,0.6019736842105263,0.5996026576341844,0.003506796270554286,0.5921052631578947,0.5921052631578947,0.5921052631578947,0.6,0.6,0.5952631578947368,0.0038676153833418726,12,0.6,0.594059405940594,0.5960264900662252,0.5980066445182725,0.5980066445182725,0.5972198370086728,0.0020189026640131326,1.0,1.0,1.0,1.0,1.0,1.0,0.0,1,1.0,1.0,1.0,1.0,1.0,1.0,0.0,0.743801652892562,0.743801652892562,0.743801652892562,0.7499999999999999,0.7499999999999999,0.7462809917355372,0.0030365575323758032,10,0.7499999999999999,0.7453416149068323,0.7468879668049794,0.7484407484407485,0.7484407484407485,0.7478222157186617,0.0015832947453328667
37,0.011992931365966797,0.0026061207514751737,0.016590595245361328,0.002057708444784418,15,8,linear,"{'C': 15, 'degree': 8, 'kernel': 'linear'}",0.5784946236559141,0.578494623655914,0.6000000000000001,0.5483870967741935,0.5614814814814816,0.5733715651135006,0.017476628674528615,7,0.5586720867208672,0.6126016260162601,0.6015808491418247,0.5570912375790424,0.6254480286738351,0.591078765626366,0.028142915344385958,0.5921052631578947,0.5921052631578947,0.5921052631578947,0.5921052631578947,0.6,0.5936842105263158,0.003157894736842115,12,0.594059405940594,0.594059405940594,0.594059405940594,0.594059405940594,0.5921052631578947,0.5936685773840542,0.0007816571130797367,0.5921052631578947,0.5921052631578947,0.5921052631578947,0.5921052631578947,0.6,0.5936842105263158,0.003157894736842115,14,0.594059405940594,0.594059405940594,0.594059405940594,0.594059405940594,0.5921052631578947,0.5936685773840542,0.0007816571130797367,1.0,1.0,1.0,1.0,1.0,1.0,0.0,1,1.0,1.0,1.0,1.0,1.0,1.0,0.0,0.743801652892562,0.743801652892562,0.743801652892562,0.743801652892562,0.7499999999999999,0.7450413223140495,0.002479338842975176,12,0.7453416149068323,0.7453416149068323,0.7453416149068323,0.7453416149068323,0.743801652892562,0.7450336225039782,0.0006159848057081252
38,0.008594274520874023,0.0010194122379878858,0.01619067192077637,0.0021335683385879578,15,8,poly,"{'C': 15, 'degree': 8, 'kernel': 'poly'}",0.41935483870967744,0.5111111111111112,0.5433691756272402,0.48243727598566316,0.42962962962962964,0.4771804062126643,0.04725410716969229,64,0.48441734417344173,0.4561878952122854,0.46928635953026193,0.46806684733514003,0.48525985663082444,0.47264366057639073,0.010961741940088624,0.5921052631578947,0.5921052631578947,0.5921052631578947,0.5921052631578947,0.6,0.5936842105263158,0.003157894736842115,12,0.594059405940594,0.594059405940594,0.594059405940594,0.594059405940594,0.5921052631578947,0.5936685773840542,0.0007816571130797367,0.5921052631578947,0.5921052631578947,0.5921052631578947,0.5921052631578947,0.6,0.5936842105263158,0.003157894736842115,14,0.594059405940594,0.594059405940594,0.594059405940594,0.594059405940594,0.5921052631578947,0.5936685773840542,0.0007816571130797367,1.0,1.0,1.0,1.0,1.0,1.0,0.0,1,1.0,1.0,1.0,1.0,1.0,1.0,0.0,0.743801652892562,0.743801652892562,0.743801652892562,0.743801652892562,0.7499999999999999,0.7450413223140495,0.002479338842975176,12,0.7453416149068323,0.7453416149068323,0.7453416149068323,0.7453416149068323,0.743801652892562,0.7450336225039782,0.0006159848057081252
39,0.01239323616027832,0.0014954460114590697,0.01578984260559082,0.0019376330500573986,15,8,sigmoid,"{'C': 15, 'degree': 8, 'kernel': 'sigmoid'}",0.5942652329749104,0.44301075268817197,0.6093189964157706,0.5369175627240144,0.4837037037037037,0.5334432497013142,0.06343590843027322,47,0.503929539295393,0.5619241192411923,0.5143631436314363,0.5303071364046974,0.5521505376344086,0.5325348952414256,0.021917763428812027,0.5921052631578947,0.5921052631578947,0.5921052631578947,0.5921052631578947,0.6,0.5936842105263158,0.003157894736842115,12,0.594059405940594,0.594059405940594,0.594059405940594,0.594059405940594,0.5921052631578947,0.5936685773840542,0.0007816571130797367,0.5921052631578947,0.5921052631578947,0.5921052631578947,0.5921052631578947,0.6,0.5936842105263158,0.003157894736842115,14,0.594059405940594,0.594059405940594,0.594059405940594,0.594059405940594,0.5921052631578947,0.5936685773840542,0.0007816571130797367,1.0,1.0,1.0,1.0,1.0,1.0,0.0,1,1.0,1.0,1.0,1.0,1.0,1.0,0.0,0.743801652892562,0.743801652892562,0.743801652892562,0.743801652892562,0.7499999999999999,0.7450413223140495,0.002479338842975176,12,0.7453416149068323,0.7453416149068323,0.7453416149068323,0.7453416149068323,0.743801652892562,0.7450336225039782,0.0006159848057081252
40,0.013591337203979491,0.002332183317705285,0.020987319946289062,0.0048956266504242745,20,3,rbf,"{'C': 20, 'degree': 3, 'kernel': 'rbf'}",0.5863799283154123,0.5189964157706093,0.5921146953405018,0.5211469534050179,0.5444444444444444,0.5526164874551971,0.03126500102432045,20,0.5513550135501355,0.6195121951219511,0.6087624209575428,0.5843721770551039,0.6060931899641577,0.5940189993297782,0.024192289908448707,0.5921052631578947,0.5921052631578947,0.6052631578947368,0.6052631578947368,0.6,0.5989473684210526,0.005907880084379926,7,0.6039603960396039,0.594059405940594,0.6006600660066007,0.6006600660066007,0.6019736842105263,0.6002627236407851,0.0033285756605804717,0.5921052631578947,0.5921052631578947,0.6,0.6,0.6,0.596842105263158,0.0038676153833418717,9,0.6,0.594059405940594,0.5980066445182725,0.5980066445182725,0.5980066445182725,0.5976158678990823,0.0019385884883139802,1.0,1.0,1.0,1.0,1.0,1.0,0.0,1,1.0,1.0,1.0,1.0,1.0,1.0,0.0,0.743801652892562,0.743801652892562,0.7499999999999999,0.7499999999999999,0.7499999999999999,0.7475206611570248,0.0030365575323758032,5,0.7499999999999999,0.7453416149068323,0.7484407484407485,0.7484407484407485,0.7484407484407485,0.7481327720458155,0.0015206345245911304
41,0.008594894409179687,0.000489610408000368,0.013791561126708984,0.004017568992788172,20,3,linear,"{'C': 20, 'degree': 3, 'kernel': 'linear'}",0.6007168458781362,0.47885304659498207,0.5290322580645161,0.5648745519713262,0.42814814814814817,0.5203249701314218,0.061220621924452455,51,0.5808491418247514,0.5913730803974706,0.5529810298102981,0.5691960252935863,0.5256272401433691,0.5640053034938951,0.02303937521700417,0.5921052631578947,0.5921052631578947,0.5921052631578947,0.5921052631578947,0.6,0.5936842105263158,0.003157894736842115,12,0.594059405940594,0.594059405940594,0.594059405940594,0.594059405940594,0.5921052631578947,0.5936685773840542,0.0007816571130797367,0.5921052631578947,0.5921052631578947,0.5921052631578947,0.5921052631578947,0.6,0.5936842105263158,0.003157894736842115,14,0.594059405940594,0.594059405940594,0.594059405940594,0.594059405940594,0.5921052631578947,0.5936685773840542,0.0007816571130797367,1.0,1.0,1.0,1.0,1.0,1.0,0.0,1,1.0,1.0,1.0,1.0,1.0,1.0,0.0,0.743801652892562,0.743801652892562,0.743801652892562,0.743801652892562,0.7499999999999999,0.7450413223140495,0.002479338842975176,12,0.7453416149068323,0.7453416149068323,0.7453416149068323,0.7453416149068323,0.743801652892562,0.7450336225039782,0.0006159848057081252
42,0.00999436378479004,0.0035748772342025412,0.012990713119506836,0.0053245107718247,20,3,poly,"{'C': 20, 'degree': 3, 'kernel': 'poly'}",0.5419354838709678,0.6007168458781361,0.5433691756272401,0.5469534050179212,0.47333333333333333,0.5412616487455197,0.04046348554836481,34,0.5308943089430894,0.5631887985546522,0.5558265582655826,0.5263775971093044,0.5610215053763441,0.5474617536497945,0.015621770998955307,0.5921052631578947,0.5921052631578947,0.5921052631578947,0.5921052631578947,0.6,0.5936842105263158,0.003157894736842115,12,0.5973597359735974,0.594059405940594,0.594059405940594,0.594059405940594,0.5953947368421053,0.594986538127497,0.0012944046108785121,0.5921052631578947,0.5921052631578947,0.5921052631578947,0.5921052631578947,0.6,0.5936842105263158,0.003157894736842115,14,0.5960264900662252,0.594059405940594,0.594059405940594,0.594059405940594,0.594059405940594,0.5944528227657203,0.0007868336502524721,1.0,1.0,1.0,1.0,1.0,1.0,0.0,1,1.0,1.0,1.0,1.0,1.0,1.0,0.0,0.743801652892562,0.743801652892562,0.743801652892562,0.743801652892562,0.7499999999999999,0.7450413223140495,0.002479338842975176,12,0.7468879668049794,0.7453416149068323,0.7453416149068323,0.7453416149068323,0.7453416149068323,0.7456508852864617,0.0006185407592588455
43,0.009994697570800782,0.001546742066435889,0.011591434478759766,0.00627609765769111,20,3,sigmoid,"{'C': 20, 'degree': 3, 'kernel': 'sigmoid'}",0.5935483870967743,0.4437275985663083,0.6093189964157706,0.5376344086021505,0.48444444444444446,0.5337347670250896,0.06298678965809253,45,0.5042005420054201,0.5607497741644083,0.5148599819331526,0.5290876242095754,0.5521505376344086,0.532209691989393,0.021482298967647927,0.5921052631578947,0.5921052631578947,0.5921052631578947,0.5921052631578947,0.6,0.5936842105263158,0.003157894736842115,12,0.594059405940594,0.594059405940594,0.594059405940594,0.594059405940594,0.5921052631578947,0.5936685773840542,0.0007816571130797367,0.5921052631578947,0.5921052631578947,0.5921052631578947,0.5921052631578947,0.6,0.5936842105263158,0.003157894736842115,14,0.594059405940594,0.594059405940594,0.594059405940594,0.594059405940594,0.5921052631578947,0.5936685773840542,0.0007816571130797367,1.0,1.0,1.0,1.0,1.0,1.0,0.0,1,1.0,1.0,1.0,1.0,1.0,1.0,0.0,0.743801652892562,0.743801652892562,0.743801652892562,0.743801652892562,0.7499999999999999,0.7450413223140495,0.002479338842975176,12,0.7453416149068323,0.7453416149068323,0.7453416149068323,0.7453416149068323,0.743801652892562,0.7450336225039782,0.0006159848057081252
44,0.010396003723144531,0.0017420465696750818,0.01818690299987793,0.004830820471704634,20,8,rbf,"{'C': 20, 'degree': 8, 'kernel': 'rbf'}",0.5863799283154123,0.5189964157706093,0.5921146953405018,0.5211469534050179,0.5444444444444444,0.5526164874551971,0.03126500102432045,20,0.5513550135501355,0.6195121951219511,0.6087624209575428,0.5843721770551039,0.6060931899641577,0.5940189993297782,0.024192289908448707,0.5921052631578947,0.5921052631578947,0.6052631578947368,0.6052631578947368,0.6,0.5989473684210526,0.005907880084379926,7,0.6039603960396039,0.594059405940594,0.6006600660066007,0.6006600660066007,0.6019736842105263,0.6002627236407851,0.0033285756605804717,0.5921052631578947,0.5921052631578947,0.6,0.6,0.6,0.596842105263158,0.0038676153833418717,9,0.6,0.594059405940594,0.5980066445182725,0.5980066445182725,0.5980066445182725,0.5976158678990823,0.0019385884883139802,1.0,1.0,1.0,1.0,1.0,1.0,0.0,1,1.0,1.0,1.0,1.0,1.0,1.0,0.0,0.743801652892562,0.743801652892562,0.7499999999999999,0.7499999999999999,0.7499999999999999,0.7475206611570248,0.0030365575323758032,5,0.7499999999999999,0.7453416149068323,0.7484407484407485,0.7484407484407485,0.7484407484407485,0.7481327720458155,0.0015206345245911304
45,0.006395578384399414,0.0010197402158826623,0.011792755126953125,0.0013258079730256687,20,8,linear,"{'C': 20, 'degree': 8, 'kernel': 'linear'}",0.6007168458781362,0.47885304659498207,0.5290322580645161,0.5648745519713262,0.42814814814814817,0.5203249701314218,0.061220621924452455,51,0.5808491418247514,0.5913730803974706,0.5529810298102981,0.5691960252935863,0.5256272401433691,0.5640053034938951,0.02303937521700417,0.5921052631578947,0.5921052631578947,0.5921052631578947,0.5921052631578947,0.6,0.5936842105263158,0.003157894736842115,12,0.594059405940594,0.594059405940594,0.594059405940594,0.594059405940594,0.5921052631578947,0.5936685773840542,0.0007816571130797367,0.5921052631578947,0.5921052631578947,0.5921052631578947,0.5921052631578947,0.6,0.5936842105263158,0.003157894736842115,14,0.594059405940594,0.594059405940594,0.594059405940594,0.594059405940594,0.5921052631578947,0.5936685773840542,0.0007816571130797367,1.0,1.0,1.0,1.0,1.0,1.0,0.0,1,1.0,1.0,1.0,1.0,1.0,1.0,0.0,0.743801652892562,0.743801652892562,0.743801652892562,0.743801652892562,0.7499999999999999,0.7450413223140495,0.002479338842975176,12,0.7453416149068323,0.7453416149068323,0.7453416149068323,0.7453416149068323,0.743801652892562,0.7450336225039782,0.0006159848057081252
46,0.011394262313842773,0.004221282605111434,0.01179194450378418,0.0033075522973076295,20,8,poly,"{'C': 20, 'degree': 8, 'kernel': 'poly'}",0.4243727598566308,0.5125448028673836,0.5433691756272402,0.48530465949820795,0.42814814814814817,0.47874790919952215,0.046643588531149804,59,0.4844625112917796,0.45650406504065044,0.46928635953026193,0.4697380307136405,0.4852598566308244,0.47305016464143135,0.010753865413078345,0.5921052631578947,0.5921052631578947,0.5921052631578947,0.5921052631578947,0.6,0.5936842105263158,0.003157894736842115,12,0.594059405940594,0.594059405940594,0.594059405940594,0.594059405940594,0.5921052631578947,0.5936685773840542,0.0007816571130797367,0.5921052631578947,0.5921052631578947,0.5921052631578947,0.5921052631578947,0.6,0.5936842105263158,0.003157894736842115,14,0.594059405940594,0.594059405940594,0.594059405940594,0.594059405940594,0.5921052631578947,0.5936685773840542,0.0007816571130797367,1.0,1.0,1.0,1.0,1.0,1.0,0.0,1,1.0,1.0,1.0,1.0,1.0,1.0,0.0,0.743801652892562,0.743801652892562,0.743801652892562,0.743801652892562,0.7499999999999999,0.7450413223140495,0.002479338842975176,12,0.7453416149068323,0.7453416149068323,0.7453416149068323,0.7453416149068323,0.743801652892562,0.7450336225039782,0.0006159848057081252
47,0.011593437194824219,0.0011997554710784883,0.015389823913574218,0.0038758712219461454,20,8,sigmoid,"{'C': 20, 'degree': 8, 'kernel': 'sigmoid'}",0.5935483870967743,0.4437275985663083,0.6093189964157706,0.5376344086021505,0.48444444444444446,0.5337347670250896,0.06298678965809253,45,0.5042005420054201,0.5607497741644083,0.5148599819331526,0.5290876242095754,0.5521505376344086,0.532209691989393,0.021482298967647927,0.5921052631578947,0.5921052631578947,0.5921052631578947,0.5921052631578947,0.6,0.5936842105263158,0.003157894736842115,12,0.594059405940594,0.594059405940594,0.594059405940594,0.594059405940594,0.5921052631578947,0.5936685773840542,0.0007816571130797367,0.5921052631578947,0.5921052631578947,0.5921052631578947,0.5921052631578947,0.6,0.5936842105263158,0.003157894736842115,14,0.594059405940594,0.594059405940594,0.594059405940594,0.594059405940594,0.5921052631578947,0.5936685773840542,0.0007816571130797367,1.0,1.0,1.0,1.0,1.0,1.0,0.0,1,1.0,1.0,1.0,1.0,1.0,1.0,0.0,0.743801652892562,0.743801652892562,0.743801652892562,0.743801652892562,0.7499999999999999,0.7450413223140495,0.002479338842975176,12,0.7453416149068323,0.7453416149068323,0.7453416149068323,0.7453416149068323,0.743801652892562,0.7450336225039782,0.0006159848057081252
48,0.014592647552490234,0.004494908444919532,0.01938657760620117,0.004714353261780247,100,3,rbf,"{'C': 100, 'degree': 3, 'kernel': 'rbf'}",0.6824372759856631,0.52831541218638,0.5397849462365591,0.5290322580645161,0.5896296296296296,0.5738399044205497,0.058792260162523494,5,0.591282746160795,0.6191508581752484,0.612646793134598,0.6188798554652213,0.6186827956989247,0.6121286097269575,0.010702029601025172,0.5921052631578947,0.6052631578947368,0.5921052631578947,0.618421052631579,0.6,0.6015789473684211,0.009790039598809648,3,0.6072607260726073,0.6171617161716172,0.6138613861386139,0.6039603960396039,0.6052631578947368,0.6095014764634359,0.005125933351686487,0.5921052631578947,0.6027397260273972,0.5945945945945946,0.6081081081081081,0.6,0.5995095383775989,0.005719965562581744,5,0.6020066889632107,0.6081081081081081,0.6067796610169491,0.6,0.6006711409395973,0.603513119805573,0.0033006786426986647,1.0,0.9777777777777777,0.9777777777777777,1.0,1.0,0.9911111111111112,0.010886621079036363,59,1.0,1.0,0.9944444444444445,1.0,0.9944444444444445,0.9977777777777778,0.002721655269759077,0.743801652892562,0.7457627118644068,0.7394957983193278,0.7563025210084033,0.7499999999999999,0.74707253681694,0.005719859057303194,8,0.7515657620041754,0.7563025210084033,0.7536842105263158,0.7499999999999999,0.7489539748953975,0.7521012936868584,0.0026368079810484978
49,0.007395887374877929,0.0018550265653979293,0.010792064666748046,0.002313949606007905,100,3,linear,"{'C': 100, 'degree': 3, 'kernel': 'linear'}",0.6078853046594982,0.4896057347670251,0.6279569892473118,0.5003584229390682,0.5059259259259259,0.5463464755077659,0.05901785647338601,31,0.5870822041553749,0.42407407407407405,0.5550587172538392,0.48053297199638656,0.6019713261648746,0.5297438587289098,0.06742870269046523,0.5921052631578947,0.5921052631578947,0.5921052631578947,0.5921052631578947,0.6,0.5936842105263158,0.003157894736842115,12,0.594059405940594,0.594059405940594,0.594059405940594,0.594059405940594,0.5921052631578947,0.5936685773840542,0.0007816571130797367,0.5921052631578947,0.5921052631578947,0.5921052631578947,0.5921052631578947,0.6,0.5936842105263158,0.003157894736842115,14,0.594059405940594,0.594059405940594,0.594059405940594,0.594059405940594,0.5921052631578947,0.5936685773840542,0.0007816571130797367,1.0,1.0,1.0,1.0,1.0,1.0,0.0,1,1.0,1.0,1.0,1.0,1.0,1.0,0.0,0.743801652892562,0.743801652892562,0.743801652892562,0.743801652892562,0.7499999999999999,0.7450413223140495,0.002479338842975176,12,0.7453416149068323,0.7453416149068323,0.7453416149068323,0.7453416149068323,0.743801652892562,0.7450336225039782,0.0006159848057081252
50,0.008593034744262696,0.0008010700967804763,0.011592912673950195,0.003260197409423841,100,3,poly,"{'C': 100, 'degree': 3, 'kernel': 'poly'}",0.5326164874551971,0.6014336917562724,0.5519713261648745,0.5555555555555556,0.5059259259259259,0.5495005973715651,0.031380371161011715,30,0.5480578139114725,0.5615176151761517,0.5668473351400181,0.5423215898825655,0.5751344086021506,0.5587757525424717,0.012048963123409168,0.5921052631578947,0.6052631578947368,0.6052631578947368,0.6052631578947368,0.6,0.601578947368421,0.005156820511122496,5,0.6039603960396039,0.5973597359735974,0.6006600660066007,0.6006600660066007,0.6019736842105263,0.6009227896473858,0.002152432618319783,0.5921052631578947,0.6,0.6,0.6,0.6,0.598421052631579,0.003157894736842115,8,0.6,0.5960264900662252,0.5980066445182725,0.5980066445182725,0.5980066445182725,0.5980092847242084,0.0012565383302596666,1.0,1.0,1.0,1.0,1.0,1.0,0.0,1,1.0,1.0,1.0,1.0,1.0,1.0,0.0,0.743801652892562,0.7499999999999999,0.7499999999999999,0.7499999999999999,0.7499999999999999,0.7487603305785123,0.002479338842975176,3,0.7499999999999999,0.7468879668049794,0.7484407484407485,0.7484407484407485,0.7484407484407485,0.748442042425445,0.0009841125811031735
51,0.010795354843139648,0.002481214714002487,0.011790752410888672,0.003485484153625977,100,3,sigmoid,"{'C': 100, 'degree': 3, 'kernel': 'sigmoid'}",0.5935483870967743,0.4444444444444444,0.610752688172043,0.5376344086021505,0.48444444444444446,0.5341648745519713,0.06312845503026988,43,0.5045618789521229,0.5612014453477868,0.5141373080397471,0.529223125564589,0.5521505376344086,0.5322548591077308,0.021624435686816938,0.5921052631578947,0.5921052631578947,0.5921052631578947,0.5921052631578947,0.6,0.5936842105263158,0.003157894736842115,12,0.594059405940594,0.594059405940594,0.594059405940594,0.594059405940594,0.5921052631578947,0.5936685773840542,0.0007816571130797367,0.5921052631578947,0.5921052631578947,0.5921052631578947,0.5921052631578947,0.6,0.5936842105263158,0.003157894736842115,14,0.594059405940594,0.594059405940594,0.594059405940594,0.594059405940594,0.5921052631578947,0.5936685773840542,0.0007816571130797367,1.0,1.0,1.0,1.0,1.0,1.0,0.0,1,1.0,1.0,1.0,1.0,1.0,1.0,0.0,0.743801652892562,0.743801652892562,0.743801652892562,0.743801652892562,0.7499999999999999,0.7450413223140495,0.002479338842975176,12,0.7453416149068323,0.7453416149068323,0.7453416149068323,0.7453416149068323,0.743801652892562,0.7450336225039782,0.0006159848057081252
52,0.01739025115966797,0.0022442626328224515,0.019587135314941405,0.005675138906403935,100,8,rbf,"{'C': 100, 'degree': 8, 'kernel': 'rbf'}",0.6824372759856631,0.52831541218638,0.5397849462365591,0.5290322580645161,0.5896296296296296,0.5738399044205497,0.058792260162523494,5,0.591282746160795,0.6191508581752484,0.612646793134598,0.6188798554652213,0.6186827956989247,0.6121286097269575,0.010702029601025172,0.5921052631578947,0.6052631578947368,0.5921052631578947,0.618421052631579,0.6,0.6015789473684211,0.009790039598809648,3,0.6072607260726073,0.6171617161716172,0.6138613861386139,0.6039603960396039,0.6052631578947368,0.6095014764634359,0.005125933351686487,0.5921052631578947,0.6027397260273972,0.5945945945945946,0.6081081081081081,0.6,0.5995095383775989,0.005719965562581744,5,0.6020066889632107,0.6081081081081081,0.6067796610169491,0.6,0.6006711409395973,0.603513119805573,0.0033006786426986647,1.0,0.9777777777777777,0.9777777777777777,1.0,1.0,0.9911111111111112,0.010886621079036363,59,1.0,1.0,0.9944444444444445,1.0,0.9944444444444445,0.9977777777777778,0.002721655269759077,0.743801652892562,0.7457627118644068,0.7394957983193278,0.7563025210084033,0.7499999999999999,0.74707253681694,0.005719859057303194,8,0.7515657620041754,0.7563025210084033,0.7536842105263158,0.7499999999999999,0.7489539748953975,0.7521012936868584,0.0026368079810484978
53,0.010393476486206055,0.0034396192822367957,0.014591121673583984,0.005234749239327981,100,8,linear,"{'C': 100, 'degree': 8, 'kernel': 'linear'}",0.6078853046594982,0.4896057347670251,0.6279569892473118,0.5003584229390682,0.5059259259259259,0.5463464755077659,0.05901785647338601,31,0.5870822041553749,0.42407407407407405,0.5550587172538392,0.48053297199638656,0.6019713261648746,0.5297438587289098,0.06742870269046523,0.5921052631578947,0.5921052631578947,0.5921052631578947,0.5921052631578947,0.6,0.5936842105263158,0.003157894736842115,12,0.594059405940594,0.594059405940594,0.594059405940594,0.594059405940594,0.5921052631578947,0.5936685773840542,0.0007816571130797367,0.5921052631578947,0.5921052631578947,0.5921052631578947,0.5921052631578947,0.6,0.5936842105263158,0.003157894736842115,14,0.594059405940594,0.594059405940594,0.594059405940594,0.594059405940594,0.5921052631578947,0.5936685773840542,0.0007816571130797367,1.0,1.0,1.0,1.0,1.0,1.0,0.0,1,1.0,1.0,1.0,1.0,1.0,1.0,0.0,0.743801652892562,0.743801652892562,0.743801652892562,0.743801652892562,0.7499999999999999,0.7450413223140495,0.002479338842975176,12,0.7453416149068323,0.7453416149068323,0.7453416149068323,0.7453416149068323,0.743801652892562,0.7450336225039782,0.0006159848057081252
54,0.006996440887451172,0.0020963976079653394,0.011392450332641602,0.002576011438156181,100,8,poly,"{'C': 100, 'degree': 8, 'kernel': 'poly'}",0.4286738351254481,0.513978494623656,0.5591397849462366,0.4853046594982079,0.4274074074074074,0.4829008363201912,0.05060447571149361,58,0.4903342366757001,0.4722222222222222,0.47529358626919604,0.4742999096657633,0.49377240143369183,0.4811844712533147,0.008995507938465175,0.5921052631578947,0.5921052631578947,0.5921052631578947,0.5921052631578947,0.6,0.5936842105263158,0.003157894736842115,12,0.594059405940594,0.594059405940594,0.594059405940594,0.594059405940594,0.5921052631578947,0.5936685773840542,0.0007816571130797367,0.5921052631578947,0.5921052631578947,0.5921052631578947,0.5921052631578947,0.6,0.5936842105263158,0.003157894736842115,14,0.594059405940594,0.594059405940594,0.594059405940594,0.594059405940594,0.5921052631578947,0.5936685773840542,0.0007816571130797367,1.0,1.0,1.0,1.0,1.0,1.0,0.0,1,1.0,1.0,1.0,1.0,1.0,1.0,0.0,0.743801652892562,0.743801652892562,0.743801652892562,0.743801652892562,0.7499999999999999,0.7450413223140495,0.002479338842975176,12,0.7453416149068323,0.7453416149068323,0.7453416149068323,0.7453416149068323,0.743801652892562,0.7450336225039782,0.0006159848057081252
55,0.013990163803100586,0.005793234966458262,0.015790891647338868,0.009189864623754162,100,8,sigmoid,"{'C': 100, 'degree': 8, 'kernel': 'sigmoid'}",0.5935483870967743,0.4444444444444444,0.610752688172043,0.5376344086021505,0.48444444444444446,0.5341648745519713,0.06312845503026988,43,0.5045618789521229,0.5612014453477868,0.5141373080397471,0.529223125564589,0.5521505376344086,0.5322548591077308,0.021624435686816938,0.5921052631578947,0.5921052631578947,0.5921052631578947,0.5921052631578947,0.6,0.5936842105263158,0.003157894736842115,12,0.594059405940594,0.594059405940594,0.594059405940594,0.594059405940594,0.5921052631578947,0.5936685773840542,0.0007816571130797367,0.5921052631578947,0.5921052631578947,0.5921052631578947,0.5921052631578947,0.6,0.5936842105263158,0.003157894736842115,14,0.594059405940594,0.594059405940594,0.594059405940594,0.594059405940594,0.5921052631578947,0.5936685773840542,0.0007816571130797367,1.0,1.0,1.0,1.0,1.0,1.0,0.0,1,1.0,1.0,1.0,1.0,1.0,1.0,0.0,0.743801652892562,0.743801652892562,0.743801652892562,0.743801652892562,0.7499999999999999,0.7450413223140495,0.002479338842975176,12,0.7453416149068323,0.7453416149068323,0.7453416149068323,0.7453416149068323,0.743801652892562,0.7450336225039782,0.0006159848057081252
56,0.019587945938110352,0.004838317872753967,0.016189718246459962,0.004164620052215061,1000,3,rbf,"{'C': 1000, 'degree': 3, 'kernel': 'rbf'}",0.6982078853046595,0.5491039426523298,0.5476702508960574,0.5806451612903225,0.5933333333333333,0.5937921146953404,0.05513613163248781,1,0.6214092140921409,0.6362240289069556,0.626513098464318,0.6266937669376693,0.6323028673835125,0.6286285951569193,0.005128922688034962,0.6052631578947368,0.631578947368421,0.6052631578947368,0.631578947368421,0.5866666666666667,0.6120701754385965,0.017315851685840697,1,0.6039603960396039,0.6237623762376238,0.6237623762376238,0.6171617161716172,0.631578947368421,0.620045162410978,0.00924875693428605,0.6,0.6197183098591549,0.6027397260273972,0.6164383561643836,0.5972222222222222,0.6072237228546316,0.009092222894034807,3,0.6006711409395973,0.613013698630137,0.6137931034482759,0.608843537414966,0.6231884057971014,0.6119019772460156,0.007316850285871215,1.0,0.9777777777777777,0.9777777777777777,1.0,0.9555555555555556,0.9822222222222223,0.01662958838566195,61,0.9944444444444445,0.9944444444444445,0.9888888888888889,0.9944444444444445,0.9555555555555556,0.9855555555555556,0.015153535218873164,0.7499999999999999,0.7586206896551724,0.7457627118644068,0.7627118644067796,0.7350427350427351,0.7504276001938187,0.00976389228683153,1,0.7489539748953975,0.7584745762711865,0.7574468085106383,0.7552742616033755,0.7543859649122807,0.7549071172385757,0.003317321033505669
57,0.008994388580322265,0.002096692829477893,0.008594512939453125,0.0022430518806573663,1000,3,linear,"{'C': 1000, 'degree': 3, 'kernel': 'linear'}",0.6573476702508961,0.5003584229390681,0.3913978494623656,0.5218637992831541,0.42740740740740735,0.4996750298685783,0.09197828775560415,55,0.6015356820234868,0.6017163504968382,0.3925925925925926,0.5444896115627823,0.5742383512544803,0.5429145175860361,0.07806976506193794,0.5921052631578947,0.5921052631578947,0.5921052631578947,0.5921052631578947,0.6,0.5936842105263158,0.003157894736842115,12,0.594059405940594,0.594059405940594,0.594059405940594,0.594059405940594,0.5921052631578947,0.5936685773840542,0.0007816571130797367,0.5921052631578947,0.5921052631578947,0.5921052631578947,0.5921052631578947,0.6,0.5936842105263158,0.003157894736842115,14,0.594059405940594,0.594059405940594,0.594059405940594,0.594059405940594,0.5921052631578947,0.5936685773840542,0.0007816571130797367,1.0,1.0,1.0,1.0,1.0,1.0,0.0,1,1.0,1.0,1.0,1.0,1.0,1.0,0.0,0.743801652892562,0.743801652892562,0.743801652892562,0.743801652892562,0.7499999999999999,0.7450413223140495,0.002479338842975176,12,0.7453416149068323,0.7453416149068323,0.7453416149068323,0.7453416149068323,0.743801652892562,0.7450336225039782,0.0006159848057081252
58,0.009994697570800782,0.0017873121153761861,0.012391376495361327,0.003927596714591642,1000,3,poly,"{'C': 1000, 'degree': 3, 'kernel': 'poly'}",0.5483870967741935,0.5949820788530465,0.5584229390681004,0.5899641577060932,0.5622222222222222,0.5707956989247311,0.01833655325119197,11,0.5743450767841012,0.590063233965673,0.6005420054200542,0.5644083107497742,0.5980286738351255,0.5854774601509456,0.013952360563761838,0.5921052631578947,0.6052631578947368,0.6052631578947368,0.6052631578947368,0.6,0.601578947368421,0.005156820511122496,5,0.6039603960396039,0.6006600660066007,0.6006600660066007,0.6072607260726073,0.6118421052631579,0.6048766718777141,0.004256760933088972,0.5921052631578947,0.6,0.6,0.6,0.6027397260273972,0.5989689978370585,0.0035921620567936825,7,0.6,0.5980066445182725,0.5980066445182725,0.6020066889632107,0.6047297297297297,0.600549941545897,0.0025624947822350443,1.0,1.0,1.0,1.0,0.9777777777777777,0.9955555555555555,0.008888888888888901,58,1.0,1.0,1.0,1.0,0.9944444444444445,0.9988888888888889,0.0022222222222222144,0.743801652892562,0.7499999999999999,0.7499999999999999,0.7499999999999999,0.7457627118644068,0.7479128729513936,0.002630346784102964,4,0.7499999999999999,0.7484407484407485,0.7484407484407485,0.7515657620041754,0.7521008403361344,0.7501096198443614,0.0015275856159519359
59,0.007994699478149413,0.0016736835590473952,0.009793901443481445,0.002922755461184537,1000,3,sigmoid,"{'C': 1000, 'degree': 3, 'kernel': 'sigmoid'}",0.6057347670250897,0.38996415770609316,0.6014336917562724,0.5032258064516129,0.4222222222222222,0.504516129032258,0.08892056320853871,53,0.474390243902439,0.5368563685636856,0.4699638663053297,0.5049232158988257,0.5176523297491039,0.5007572048838769,0.02549273168014607,0.631578947368421,0.4868421052631579,0.631578947368421,0.5789473684210527,0.5333333333333333,0.5724561403508772,0.05637997107849507,63,0.5544554455445545,0.6006600660066007,0.5247524752475248,0.5676567656765676,0.5789473684210527,0.5652944241792601,0.025313416390152402,0.6666666666666666,0.5555555555555556,0.660377358490566,0.6274509803921569,0.5892857142857143,0.6198672550781319,0.042332001195025525,1,0.6086956521739131,0.6398104265402843,0.5865384615384616,0.6118721461187214,0.6238095238095238,0.6141452420361808,0.017601700838216727,0.7555555555555555,0.6666666666666666,0.7777777777777778,0.7111111111111111,0.7333333333333333,0.7288888888888889,0.03823255674241168,63,0.7,0.75,0.6777777777777778,0.7444444444444445,0.7277777777777777,0.72,0.027352296944647046,0.7083333333333334,0.606060606060606,0.7142857142857142,0.6666666666666666,0.6534653465346534,0.6697623333761948,0.0395047806747164,63,0.6511627906976744,0.6905370843989771,0.6288659793814434,0.6716791979949874,0.6717948717948717,0.6628079848535907,0.021052485855564285
60,0.01911616325378418,0.0032323733792347827,0.014391899108886719,0.0034397975259198633,1000,8,rbf,"{'C': 1000, 'degree': 8, 'kernel': 'rbf'}",0.6982078853046595,0.5491039426523298,0.5476702508960574,0.5806451612903225,0.5933333333333333,0.5937921146953404,0.05513613163248781,1,0.6214092140921409,0.6362240289069556,0.626513098464318,0.6266937669376693,0.6323028673835125,0.6286285951569193,0.005128922688034962,0.6052631578947368,0.631578947368421,0.6052631578947368,0.631578947368421,0.5866666666666667,0.6120701754385965,0.017315851685840697,1,0.6039603960396039,0.6237623762376238,0.6237623762376238,0.6171617161716172,0.631578947368421,0.620045162410978,0.00924875693428605,0.6,0.6197183098591549,0.6027397260273972,0.6164383561643836,0.5972222222222222,0.6072237228546316,0.009092222894034807,3,0.6006711409395973,0.613013698630137,0.6137931034482759,0.608843537414966,0.6231884057971014,0.6119019772460156,0.007316850285871215,1.0,0.9777777777777777,0.9777777777777777,1.0,0.9555555555555556,0.9822222222222223,0.01662958838566195,61,0.9944444444444445,0.9944444444444445,0.9888888888888889,0.9944444444444445,0.9555555555555556,0.9855555555555556,0.015153535218873164,0.7499999999999999,0.7586206896551724,0.7457627118644068,0.7627118644067796,0.7350427350427351,0.7504276001938187,0.00976389228683153,1,0.7489539748953975,0.7584745762711865,0.7574468085106383,0.7552742616033755,0.7543859649122807,0.7549071172385757,0.003317321033505669
61,0.009994173049926757,0.0022791613692722166,0.010992813110351562,0.0023648097504246073,1000,8,linear,"{'C': 1000, 'degree': 8, 'kernel': 'linear'}",0.6573476702508961,0.5003584229390681,0.3913978494623656,0.5218637992831541,0.42740740740740735,0.4996750298685783,0.09197828775560415,55,0.6015356820234868,0.6017163504968382,0.3925925925925926,0.5444896115627823,0.5742383512544803,0.5429145175860361,0.07806976506193794,0.5921052631578947,0.5921052631578947,0.5921052631578947,0.5921052631578947,0.6,0.5936842105263158,0.003157894736842115,12,0.594059405940594,0.594059405940594,0.594059405940594,0.594059405940594,0.5921052631578947,0.5936685773840542,0.0007816571130797367,0.5921052631578947,0.5921052631578947,0.5921052631578947,0.5921052631578947,0.6,0.5936842105263158,0.003157894736842115,14,0.594059405940594,0.594059405940594,0.594059405940594,0.594059405940594,0.5921052631578947,0.5936685773840542,0.0007816571130797367,1.0,1.0,1.0,1.0,1.0,1.0,0.0,1,1.0,1.0,1.0,1.0,1.0,1.0,0.0,0.743801652892562,0.743801652892562,0.743801652892562,0.743801652892562,0.7499999999999999,0.7450413223140495,0.002479338842975176,12,0.7453416149068323,0.7453416149068323,0.7453416149068323,0.7453416149068323,0.743801652892562,0.7450336225039782,0.0006159848057081252
62,0.0059963703155517575,0.0017880851584807953,0.009594202041625977,0.0024164582530327465,1000,8,poly,"{'C': 1000, 'degree': 8, 'kernel': 'poly'}",0.4372759856630824,0.5154121863799284,0.5691756272401434,0.4853046594982079,0.4281481481481481,0.487063321385902,0.0519595193334129,57,0.4944896115627823,0.47737127371273713,0.48586269196025295,0.48220415537488703,0.49359318996415774,0.48670418451496344,0.006574691877486291,0.5921052631578947,0.6052631578947368,0.6052631578947368,0.5921052631578947,0.6,0.5989473684210526,0.005907880084379926,7,0.6006600660066007,0.5973597359735974,0.5973597359735974,0.6006600660066007,0.5986842105263158,0.5989447628973424,0.0014816907740350749,0.5921052631578947,0.6,0.6,0.5921052631578947,0.6,0.596842105263158,0.0038676153833418717,9,0.5980066445182725,0.5960264900662252,0.5960264900662252,0.5980066445182725,0.5960264900662252,0.5968185518470441,0.000970073603883234,1.0,1.0,1.0,1.0,1.0,1.0,0.0,1,1.0,1.0,1.0,1.0,1.0,1.0,0.0,0.743801652892562,0.7499999999999999,0.7499999999999999,0.743801652892562,0.7499999999999999,0.7475206611570246,0.0030365575323758032,7,0.7484407484407485,0.7468879668049794,0.7468879668049794,0.7484407484407485,0.7468879668049794,0.7475090794592869,0.0007607045379197026
63,0.008993387222290039,0.0016731703569119742,0.012193107604980468,0.002990802424295197,1000,8,sigmoid,"{'C': 1000, 'degree': 8, 'kernel': 'sigmoid'}",0.6057347670250897,0.38996415770609316,0.6014336917562724,0.5032258064516129,0.4222222222222222,0.504516129032258,0.08892056320853871,53,0.474390243902439,0.5368563685636856,0.4699638663053297,0.5049232158988257,0.5176523297491039,0.5007572048838769,0.02549273168014607,0.631578947368421,0.4868421052631579,0.631578947368421,0.5789473684210527,0.5333333333333333,0.5724561403508772,0.05637997107849507,63,0.5544554455445545,0.6006600660066007,0.5247524752475248,0.5676567656765676,0.5789473684210527,0.5652944241792601,0.025313416390152402,0.6666666666666666,0.5555555555555556,0.660377358490566,0.6274509803921569,0.5892857142857143,0.6198672550781319,0.042332001195025525,1,0.6086956521739131,0.6398104265402843,0.5865384615384616,0.6118721461187214,0.6238095238095238,0.6141452420361808,0.017601700838216727,0.7555555555555555,0.6666666666666666,0.7777777777777778,0.7111111111111111,0.7333333333333333,0.7288888888888889,0.03823255674241168,63,0.7,0.75,0.6777777777777778,0.7444444444444445,0.7277777777777777,0.72,0.027352296944647046,0.7083333333333334,0.606060606060606,0.7142857142857142,0.6666666666666666,0.6534653465346534,0.6697623333761948,0.0395047806747164,63,0.6511627906976744,0.6905370843989771,0.6288659793814434,0.6716791979949874,0.6717948717948717,0.6628079848535907,0.021052485855564285
